160327,-87.6320171356,41.8907771566,1
160301,-87.6601159573,41.9922240258,1
160290,-87.6689350605,41.9825268385,1
160287,-87.675511837,41.9689036238,1
160285,-87.6811122894,41.6767263382,1
160271,-87.6763486862,41.6545092018,1
160263,-87.7628713846,41.9696255359,1
160232,-87.6641499996,41.950665651,1
160226,-87.6726686954,41.6763577181,2
160224,-87.6764774323,41.6553749481,2
160223,-87.6278,41.8819,1
160199,-87.6033496857,41.8919272382,1
160195,-87.5886780024,41.7952722028,1
160172,-87.6278114319,41.8818952734,1
160161,-87.6278,41.8819,1
160153,-87.6792240143,42.0338668481,1
160152,-87.6839447021,42.0469343926,1
160151,-87.6774215698,42.0538814072,2
160150,-87.6802539825,42.0496750487,1
160142,-87.6278,41.8819,1
160128,-87.676949501,42.0540725987,3
160123,-87.678258419,42.0496272476,1
160118,-87.8096222878,41.794976251,1
160054,-87.5474953651,41.653435019,1
160053,-87.6499986649,41.8680907601,1
160045,-87.7011269331,41.8897827985,1
159990,-87.6813268661,41.6503726981,4
159986,-87.625118494,41.8752849772,1
159968,-87.6447308064,41.8715501571,2
159963,-87.6664352417,41.6904759616,1
159936,-87.6644611359,41.6845149472,2
159932,-87.6787090302,41.6632302617,6
159926,-87.6278,41.8819,4
159875,-87.6174688339,41.8950099937,1
159855,-87.5377106667,41.6710205039,2
159846,-87.6387548447,41.6520401579,3
159835,-87.6816809177,41.7038061237,3
159833,-87.6821529865,41.7271192517,1
159829,-87.6903712749,41.6369352448,3
159827,-87.6529812813,41.6780645716,1
159804,-87.6612102985,41.8828218585,1
159754,-87.7185344696,41.9810593723,1
159744,-87.7131271362,42.007022148,1
159722,-87.646522522,41.9615324733,1
159721,-87.6437759399,41.9547030275,1
159710,-87.8130340583,41.9880231564,1
159682,-87.7840662003,41.9695417785,1
159681,-87.625837326,41.8891797867,1
159667,-87.7670288086,41.9802937244,1
159662,-87.6278,41.8819,1
159633,-87.8362083435,41.9310815457,1
159632,-87.7194356918,41.9789857211,3
159615,-87.7132558823,41.9684609002,2
159614,-87.7163350582,41.9779528581,1
159611,-87.6278,41.8819,1
159610,-87.7162277699,41.9795998479,2
159609,-87.7132505178,41.9685167394,1
159607,-87.7189207077,41.980931765,1
159605,-87.6999521255,42.0047898931,1
159599,-87.6878285408,41.8894353685,1
159597,-87.6917982101,41.8992505361,1
159596,-87.7181053162,41.9803415776,4
159595,-87.7129983902,41.967308209,1
159577,-87.684019804,42.0473327511,1
159576,-87.68032372,42.0482649003,1
159575,-87.6767885685,42.0513639989,1
159574,-87.7471911907,42.0264075817,1
159573,-87.7497017384,42.0215617772,1
159571,-87.7016580105,42.0644279448,1
159570,-87.6857364178,42.0641571342,1
159568,-87.686508894,41.8907531963,1
159567,-87.6660919189,42.0192662673,1
159566,-87.6765203476,41.8522774148,1
159565,-87.7293330431,41.9536179079,1
159564,-87.7095651627,41.9754444067,1
159563,-87.5866985321,41.786161059,1
159533,-87.7046942711,41.9629684786,1
159521,-87.6278114319,41.8818952734,1
159519,-87.6157093048,41.7747683078,1
159511,-87.7258729935,41.8524292543,1
159508,-87.7173757553,41.9792409434,2
159500,-87.6239490509,41.8768467463,1
159499,-87.655749321,41.830760513,1
159497,-87.6786231995,41.9465322617,1
159478,-87.7204442024,41.8589260485,1
159476,-87.7246284485,41.8536119917,1
159475,-89.0414428711,41.8260837063,1
159462,-87.6824855804,41.9130083981,1
159461,-87.6824855804,41.9130083981,1
159448,-87.6888155937,41.972477208,1
159447,-87.689974308,41.9912830806,1
159446,-87.6948666573,42.0102587785,1
159445,-87.6996088028,42.0121161793,1
159440,-87.6517474651,41.9813624388,1
159430,-87.6501917839,41.9798550677,2
159429,-87.6745891571,41.9796317505,1
159428,-87.6895666122,41.9812986354,1
159423,-87.6921200752,41.9775261492,1
159418,-87.6745569706,41.990964113,1
159409,-87.6896524429,41.9849751987,1
155645,-87.6607704163,41.9981165784,6
155644,-87.675318718,42.008943419,1
155632,-87.6278,41.8819,1
155611,-87.6571011543,41.875872143,1
155610,-87.6618218422,41.8758321999,1
155560,-87.6278,41.8819,1
155551,-87.6614248753,42.0015928488,2
155546,-87.6278,41.8819,1
155508,-87.7272891998,41.9464045851,3
155501,-87.8073692322,41.952883846,2
155480,-87.7392196655,41.6911489446,1
155461,-87.7036213875,41.9248994129,1
155452,-87.6840949059,41.9723097007,15
155416,-87.706990242,41.9611176213,3
155391,-87.7039432526,41.939509673,3
155317,-87.6278,41.8819,1
155299,-87.6413726807,41.8910327321,1
155297,-87.6278,41.8819,1
155296,-87.6428747177,41.8882133585,1
155292,-87.6278,41.8819,1
155289,-87.6263201237,41.8860408384,1
155278,-87.6278,41.8819,1
155275,-87.5714153051,41.7769326062,1
155273,-87.6278114319,41.8794030124,2
155259,-87.6278,41.8819,1
155258,-87.6447844505,41.8830455149,1
155219,-87.648679018,41.8867636887,1
155205,-87.6241528988,41.8924862982,2
155200,-87.6465439796,41.9237379512,3
155191,-87.7435970306,41.8301769301,2
155149,-87.7089214325,41.961755854,1
155148,-87.6278,41.8819,1
155147,-87.6665210724,41.8833011214,1
155141,-87.6278,41.8819,1
155139,-87.7864587307,41.9956487896,2
155109,-87.6764774323,41.8752650055,1
155084,-87.6278,41.8819,1
155077,-87.6684200764,41.9205049052,2
155071,-87.701690197,41.9174632976,3
155070,-87.7247786522,41.8588621226,1
155061,-87.6447844505,41.7688231123,12
155044,-87.7080416679,41.9539849357,1
155042,-87.6798409224,41.9103576651,1
155041,-87.6278,41.8819,1
154996,-87.6739400625,41.8731479678,1
154921,-87.6572942734,41.9879418152,2
154867,-87.7088999748,41.9830771297,34
154864,-87.6928281784,41.9813385125,3
154852,-87.5757980347,41.744276346,3
154814,-87.6708984375,41.9620430567,1
154789,-87.6384919882,41.8906214148,1
154788,-87.6540970802,41.9344178126,1
154784,-87.7244675159,41.8537957935,1
154778,-87.6953065395,41.8372834881,1
154777,-87.695376277,41.8444891638,5
154776,-87.7049946785,41.8370037173,1
154774,-87.7146077156,41.8369397695,3
154773,-87.7245211601,41.8368438477,1
154771,-87.7307868004,41.8366200296,2
154768,-87.7344346046,41.8442294059,1
154763,-87.7249932289,41.8442933464,1
154761,-87.7152514458,41.8542353174,2
154758,-87.7054721117,41.8540395299,1
154755,-87.7051824331,41.8443293129,3
154753,-87.715036869,41.8443253167,3
154565,-87.6805007458,42.0151213866,11
154542,-87.6705443859,41.997438843,14
154412,-87.6974844933,41.9280643885,5
154406,-87.7023983002,41.92857524,1
154392,-87.7051663399,41.9356229762,16
154379,-87.7024412155,41.9319595276,1
154320,-87.6654052734,41.8864002678,1
154319,-87.6298713684,41.8805852509,1
154294,-87.7668678761,41.9532428991,1
154209,-87.7407646179,41.9756198819,1
154208,-87.7087926865,41.9667976678,1
154207,-87.7427816391,41.9608782824,6
154168,-87.7063894272,41.8874705566,2
154116,-87.7053809166,41.9444056162,2
154105,-87.6836013794,41.9540966394,5
154104,-87.5831258297,41.791408724,4
154008,-87.6441514492,41.8830295395,1
153975,-87.7125263214,41.9392383302,4
153970,-87.6563555002,41.9764533824,1
153966,-87.6964330673,41.8820869818,1
153921,-87.7029132843,41.9463806458,1
153913,-87.6438510418,41.8672358687,1
153888,-87.6095509529,41.8599568445,4
153884,-87.6709413528,41.9996474365,11
153880,-87.6608777046,42.0014054858,2
153859,-87.5862050056,41.7711516462,7
153854,-87.5910544395,41.7694872732,6
153852,-87.7202403545,41.9246000691,1
153797,-87.7800536156,41.8707911831,1
153792,-87.6278,41.8819,1
153791,-87.711802125,41.9173914469,6
153708,-87.7125477791,41.9324543848,2
153649,-87.718834877,41.946484383,4
153614,-87.6284980774,41.881416,1
153584,-87.6906824112,42.012383226,4
159403,-87.6897275448,41.9866259943,1
159350,-87.6637101173,41.9652181552,1
159348,-87.7193498611,41.980931765,2
159331,-87.6657700539,42.0078990839,1
159317,-87.6976132393,41.9518465702,3
159305,-87.6853179932,42.0450541066,1
159304,-87.7126121521,41.9389350634,1
159288,-87.6641714573,41.8800500511,1
159281,-87.7597975731,41.9786028858,1
159185,-87.7052307129,42.0120603783,1
159148,-87.6459217072,41.8721493408,1
159147,-87.6459217072,41.8721493408,1
159144,-87.6278,41.8819,1
159142,-87.6278,41.8819,1
159136,-87.6340770721,41.8300490209,1
159135,-87.6340770721,41.8300490209,1
159133,-87.7478563786,41.9600964357,1
159100,-87.6278,41.8819,2
159034,-87.6971626282,41.8959523608,2
158997,-87.6774966717,41.9109485007,1
158996,-87.6999521255,41.8957606941,1
158995,-87.6768636703,41.8866878098,1
158983,-87.8026807308,41.8853339547,1
158981,-87.7864587307,41.8727605024,1
158961,-87.7889692783,41.8724728977,1
158960,-87.7891838551,41.880046057,1
158940,-87.7185130119,41.9465482212,1
158936,-87.6278114319,41.8818952734,1
158872,-87.6794815063,41.9758910699,1
158825,-87.6451438665,41.926691455,2
158819,-87.6372098923,41.8831014289,1
158817,-87.6992225647,41.975986783,1
158815,-87.7725219727,42.152459738,1
158798,-87.6178443432,41.8945867227,1
158794,-87.6288092136,41.8971582509,1
158786,-87.6994854212,41.8481856043,1
158783,-87.6740205288,42.0466635073,1
158781,-87.6795190573,42.050033556,1
158779,-87.7715778351,42.0623888717,1
158762,-87.604637146,41.9657446637,1
158759,-87.6793956757,42.0334843429,2
158757,-87.6740688086,42.052782045,1
158753,-87.6873511076,42.0543275198,1
158742,-87.7617502213,41.9686483601,1
158741,-87.7616643906,41.9686483601,1
158740,-87.7602910995,41.9696055936,1
158739,-87.7602052689,41.9696055936,2
158738,-87.7657842636,41.9710095101,1
158737,-87.6278,41.8819,1
158734,-87.6251292229,41.9142139661,1
158727,-87.6335835457,41.869908365,1
158716,-87.6278,41.8819,1
158697,-87.7119255066,41.9137109835,1
158584,-87.7081918716,42.0187561427,1
158567,-87.6392161846,41.8628893283,1
158550,-87.6694607735,42.0160938637,1
158549,-87.6726686954,42.0148902219,1
158540,-87.6809406281,41.8726766178,1
158537,-87.6970124245,41.9058862999,1
158532,-87.6563930511,41.8311362416,1
158522,-87.6561999321,41.8308484497,1
158521,-87.6868790388,41.89013422,1
158504,-87.6278114319,41.8819272249,1
158492,-87.6278,41.8819,1
158488,-87.6559638977,41.8308324612,12
158457,-87.6595419645,41.9946241706,1
158444,-87.6351928711,41.916201906,1
158420,-87.6854467392,41.9216225199,1
158419,-87.6621222496,41.8911205859,1
158416,-87.6278,41.8819,1
158411,-87.7552700043,41.9780605318,2
158405,-87.6256227493,41.9065729942,9
158404,-87.6576268673,41.9707143712,1
158390,-87.6612317562,42.0015131199,1
158384,-87.7555274963,41.9785709828,2
158374,-87.62773633,41.8821269209,1
158373,-87.6278,41.8819,1
158313,-87.6558351517,41.9963703985,1
158312,-87.6551485062,41.9899753031,1
158311,-87.6593971252,41.9900072004,1
158310,-87.6600623131,41.9911554937,1
158303,-87.6754581928,42.0090191525,1
158302,-87.6278,41.8819,1
158282,-87.6695251465,41.8999772298,1
158280,-87.6278,41.8819,1
158276,-87.6602929831,41.9871323892,1
158275,-87.6591879129,41.9899394186,1
158274,-87.6652926207,41.9895965211,1
158260,-87.6442694664,41.9355272024,1
158244,-87.6073622704,41.7913767273,1
158239,-87.6492476463,41.841623776,1
158238,-87.6728510857,41.8558175786,1
158237,-87.6371026039,41.8835567267,1
158221,-87.6843309402,41.9939782934,1
158218,-87.7305614948,41.9536258868,2
158217,-87.7474486828,41.9536099291,1
158207,-87.6407825947,41.8142742483,1
158202,-87.9386901855,41.7867754326,1
158188,-87.7744960785,41.8949301315,1
158178,-87.6278,41.8819,1
153583,-87.6278,41.8819,1
153581,-87.6663386822,42.0090151666,1
153482,-87.6278,41.8819,1
153381,-87.7478349209,41.9535620557,3
153190,-87.6595258713,41.9369558127,1
153187,-87.71169312,41.9025819987,1
153183,-87.7639174461,41.9532349202,1
153182,-88.2263946533,41.9431487473,1
153137,-87.632676959,41.8819152431,1
153121,-87.7118396759,41.9319754908,5
153098,-87.6996088028,41.9976461511,3
153097,-87.7157557011,41.9392024171,1
153082,-87.7128481865,41.9173834635,7
153031,-87.642531395,41.6853001662,3
153027,-87.7108740807,41.6912050262,5
153026,-87.6812839508,41.6871189529,6
153024,-89.6298766136,42.7933852212,1
153019,-87.6654481888,41.9904697099,1
153018,-87.7035570145,41.9883644671,3
152969,-87.6600515842,41.9871004904,2
152955,-87.7124512196,41.9417920992,5
152897,-87.755613327,41.9671167565,2
152879,-87.6752452254,42.0112023124,3
152876,-87.67776736,42.0135720083,2
152872,-87.6278,41.8819,1
152868,-87.6681733131,41.9906331823,2
152836,-87.6690101624,42.016014153,2
152832,-87.6981925964,41.9321031962,1
152812,-87.6175493002,41.8959124303,1
152748,-87.7474486828,41.9536498235,3
152747,-87.7611064911,41.9692546097,5
152719,-87.7252936363,42.0016885233,3
152536,-87.6799535751,42.0089274751,3
152533,-87.666413784,42.0080346092,3
152462,-87.7302718163,41.9536657813,5
152461,-87.6278,41.8819,1
152391,-87.6459699869,41.8183082587,2
152367,-87.6914012432,41.9728441271,4
152366,-87.6284980774,41.8818952734,1
152358,-87.6284122467,41.8818952734,1
152332,-87.6740527153,42.0179271815,4
152295,-87.7220642567,41.9937390779,2
152294,-87.6735109091,41.9977896716,5
152278,-87.6611351967,42.0056748321,4
152271,-87.6894593239,42.0013696078,7
152270,-87.675318718,42.0090071946,2
152262,-87.6709628105,42.0209998632,3
152261,-87.6277256012,41.881863322,1
152260,-87.7076017857,42.0327432326,2
152259,-87.7057135105,42.0277385192,2
152252,-87.6663064957,42.0090151666,1
152247,-87.6692461967,42.016014153,1
152245,-87.6752114296,42.0092383807,4
152214,-87.7214097977,41.8954731929,4
152213,-87.6729369164,42.0053001297,16
152212,-87.6752114296,42.008935447,12
152201,-87.7560853958,41.9056946629,2
152189,-87.7355718613,41.9095911676,3
152181,-87.7176332474,41.8950259662,2
152170,-87.6783978939,42.014714855,1
152169,-87.6748466492,41.8813201449,1
152155,-87.6849317551,41.9152837888,1
152111,-87.7861690521,41.9454789227,5
152034,-87.7460002899,41.9618515884,1
152025,-87.6129090786,41.8839321453,6
151999,-87.6278,41.8819,1
151854,-87.5613355637,41.7554344033,2
151802,-87.6875066757,41.8888922558,6
151798,-87.6627445221,42.0115661392,4
151788,-87.6693803072,42.0159703121,3
151778,-87.6300001144,41.8939398312,1
151750,-87.6666069031,42.0198401525,2
151731,-87.6896739006,41.9939743065,1
151705,-87.6726616376,42.0149172821,5
151704,-87.6704102755,42.0173652354,3
151703,-87.6261377335,41.8234733399,7
151694,-87.7407860756,41.8807729692,6
151693,0.2750444412,49.2803624346,1
151692,-87.7228689194,41.7563868305,4
151691,-87.5899815559,41.7095611118,2
151688,-64.7043228149,18.3541080248,1
151685,-87.6611030102,42.0045028832,5
151684,-87.6658129692,42.0103185669,4
151680,-63.2301270962,17.6289356913,1
151679,-63.2519924641,17.6168186749,1
151628,-87.6715636253,42.0192064873,1
151616,-94.6493196487,38.8402006588,1
151601,-87.654440403,41.9856849663,1
151594,-87.6687312126,41.9833881617,6
151588,-87.6731085777,42.0193619152,9
151582,-87.6284980774,41.8818952734,1
151573,-87.6691174507,42.0161735742,5
151536,-87.680388093,42.0137264141,12
151535,-87.6684361696,42.0193858271,8
151529,-87.6575946808,41.8789396968,1
151486,-87.6701045036,42.0160659649,4
151475,-87.6627874374,42.0126941148,6
151472,-87.6685810089,42.0160181385,3
151454,-87.6278,41.8819,1
151453,-87.6776790619,41.9177347331,1
158124,-87.5353717804,41.7024924564,1
158117,-87.6429712772,41.9493011834,1
158115,-87.6278,41.8819,1
158114,-87.6339590549,41.8823226225,1
158113,-87.6293027401,41.8723690401,1
158107,-87.669686079,41.9865741584,1
158077,-87.6917713881,41.8993663285,1
158068,-87.6668697596,41.8792073019,1
158067,-87.6258158684,41.8623859414,1
157994,-87.6657164097,41.8230056214,1
157984,-87.684186101,41.975751488,1
157948,-87.6878875494,41.889527218,2
157942,-87.6402139664,41.7905768058,1
157914,-87.6409435272,41.9438709512,1
157911,-87.6137888432,41.833646372,1
157901,-88.2884716988,42.0434606003,1
157896,-87.6610118151,42.0013377161,1
157895,-87.8909683228,41.9114754575,1
157892,-87.6730388403,42.0193180766,1
157890,-87.6606845856,41.9981245517,1
157883,-87.6278,41.8819,1
157872,-87.6578521729,41.9994959469,9
157868,-87.6594829559,42.0003570405,1
157867,-87.6604700089,42.0002932562,1
157852,-87.6608133316,42.000580285,1
157851,-87.7107346058,41.93096182,1
157850,-87.7126711607,41.9320353528,1
157846,-87.7022051811,41.8445411153,2
157837,-220.5165481567,37.3412637147,1
157835,-87.6392698288,41.9360459752,1
157819,-87.6568651199,41.9958919846,1
157792,-87.6610922813,42.0014732555,1
157789,-87.6615858078,42.0019835187,3
157781,-87.7877998352,41.981107225,1
157771,-87.7274179459,41.9481441558,4
157751,-87.5340735912,41.698867717,1
157712,-88.3674252033,41.9505300035,1
157711,-87.6278,41.8819,1
157710,-87.7811050415,41.8882213455,1
157706,-87.6975595951,41.9284674826,1
157499,-87.6549446583,41.9733147377,3
157485,-87.6323282719,41.8891717997,3
157484,-87.6731729507,42.0053240469,1
157481,-87.699791193,41.932398514,1
157480,-87.662358284,41.9107169577,1
157477,-87.6962614059,41.9314008133,1
157438,-87.7023768425,41.91563507,1
157434,-87.7023983002,41.9173674966,1
157389,-87.6382827759,41.891991131,1
157372,-87.6715421677,42.0101471733,1
157307,-87.9572296143,41.8639852882,1
157306,-87.6278,41.8819,1
157303,-87.7090930939,41.9609261502,2
157300,-87.6772069931,41.9059501787,1
157294,-87.6155591011,41.8844753002,13
157288,-87.660984993,41.8521655328,1
157278,-87.680913806,41.8291216709,3
157277,-87.7015399933,41.9171479521,2
157262,-87.7076768875,41.9394458278,1
157260,-87.722826004,41.9562030152,1
157233,-87.6290988922,41.8845791381,1
157232,-87.6933431625,41.7791848392,1
157231,-87.6837301254,41.7791848392,1
157175,-87.7962112427,41.7846890758,1
157169,-87.62368083,41.8894193947,4
157154,-87.6853609085,41.9792568947,1
157152,-87.6238632202,41.8988033358,1
157150,-87.6181769371,41.8949061728,1
157139,-87.7155303955,41.8626096694,1
157135,-87.7110242844,41.8697845299,1
157112,-87.6826786995,41.8740027802,1
157070,-87.6480728388,41.8992345647,2
157069,-87.6323980093,41.8674915384,2
157068,-87.6310998201,41.8529646854,1
157067,-87.6310032606,41.7945603163,1
157066,-87.5874763727,41.7996473313,1
157065,-87.6050823927,41.7896328854,1
157064,-87.5829273462,41.7915447096,1
157063,-87.5254637003,41.7220745305,1
157062,-87.5280708075,41.7135856931,4
157061,-87.5509554148,41.7587158157,1
157060,-87.5552898645,41.7588838836,1
157059,-87.5662225485,41.7664224735,1
157058,-87.576135993,41.7659743443,1
157057,-87.6318776608,41.7413144125,1
157056,-87.6239490509,41.7358384785,1
157055,-87.6050662994,41.7366070588,2
157054,-87.5856685638,41.7368632502,1
157053,-87.5851535797,41.7223868343,1
157052,-87.5290203094,41.7172616575,3
157037,-87.6753401756,42.0089513909,1
157027,-87.7284049988,41.9652979295,1
157003,-87.6667141914,42.0220320277,1
156985,-87.6939225197,41.9679782881,1
156983,-87.6143682003,41.9061218528,1
156980,-87.7050107718,41.8371196225,1
156978,-87.7144736052,41.837127616000004,2
156976,-87.7187544107,41.8370956421,1
156974,-87.724236846,41.8367519225,1
156972,-87.7246874571,41.8441374913,1
156970,-87.7149456739,41.8442893501,2
156968,-87.7052628994,41.8445930667,2
156967,-87.6952958107,41.8446570068,1
156919,-87.6278,41.8819,1
156911,-87.5496196747,41.7280040389,2
156883,-87.6288735867,41.8697246095,1
156851,-87.6278,41.8819,1
156850,-87.6647508144,41.9762818975,1
156830,-87.8055238724,41.9086490018,1
156829,-87.8060817719,41.901622242,1
156827,-87.7193552256,41.9463686761,3
156826,-87.6514577866,41.8665567413,1
156809,-87.7216887474,42.025961273,1
156782,-87.6278,41.8819,1
156776,-87.6278,41.8819,1
156770,-87.5828361511,41.7204008768,1
156767,-87.6278,41.8819,1
156765,-87.6502132416,41.8819272249,1
156757,-87.6278,41.8819,1
156751,-87.6697826385,41.7848490756,1
156750,-87.7021408081,41.7789688203,1
156652,-87.679926753,41.9733745609,2
156649,-87.7617448568,41.9701041471,2
156626,-87.6278,41.8819,1
156609,-87.6838856936,42.0048138105,1
156596,-87.6569831371,41.9976381777,8
156578,-87.6278,41.8819,1
156576,-87.6685702801,41.9781482659,1
156573,-87.6419681311,41.8125910034,1
156572,-87.6425528526,41.8185841133,1
156571,-87.6357722282,41.8306405992,2
156565,-87.6292705536,41.8786521199,1
156556,-87.6832795143,41.8106678119,1
156548,-87.6457071304,41.8199113974,1
156541,-87.6461791992,41.8343018675,1
156516,-87.6935148239,41.9618834998,2
156515,-87.6278,41.8819,1
156500,-87.6410937309,41.9440425233,2
156451,-87.7617931366,41.9699485988,3
156446,-87.6713490486,41.9160741688,1
156412,-87.6663601398,41.8740427244,1
156362,-87.6278,41.8819,1
156361,-87.7271819115,41.9462370093,3
156359,-87.6220285892,41.8553780656,3
156357,-87.6278,41.8819,1
156356,-87.7616643906,41.9702118341,3
156355,-87.7626514435,41.9705947199,3
156352,-87.7246499062,41.9532827938,3
156350,-87.6391839981,41.8718457551,2
156297,-87.6694661379,41.9797075189,3
156293,-87.71235466,41.9926705712,1
156290,-87.6801466942,41.8261636546,1
156275,-87.629798,41.8781903959,1
156274,-87.6278,41.8819,1
156266,-87.6868844032,41.9139664672,1
156259,-87.6824587584,41.8691254031,1
156258,-87.6554918289,41.9922878182,1
156255,-87.6220607758,41.856604699,3
156242,-87.8061676025,41.9014146215,1
156232,-87.7132129669,41.9389031405,1
156230,-87.6818847656,41.7021400045,2
156229,-87.6284122467,41.8925981096,1
156189,-87.6842880249,41.9756358342,1
156188,-87.6967978477,41.8446969694,1
156177,-87.7598083019,41.9785988979,4
156159,-87.6572942734,41.897964827,1
156153,-87.6960468292,41.8439576581,3
156075,-87.6658022404,41.9897041751,1
156074,-87.6592683792,41.9899593544,1
156073,-87.6326823235,41.8775337529,1
156068,-87.7665245533,41.9747544656,1
156023,-87.7620506287,41.9698289461,4
156019,-87.7460861206,41.960128348,2
156016,-87.788143158,41.9597453993,1
155980,-87.7624261379,41.9971278797,1
155978,-87.6278,41.8819,1
155972,-87.7477222681,41.953502214,1
155971,-87.7627587318,41.9675315695,1
155970,-87.628455162,41.881863322,1
155968,-87.7522444725,41.9754284544,2
155916,-87.6922917366,41.9775899563,1
155907,-87.7187919617,41.981426242,4
155906,-87.7130842209,41.9679144713,5
155899,-88.2228541374,41.8422392258,1
155898,-88.1987249851,41.8812402655,1
155897,-88.2614028454,41.8385784115,1
155883,-87.6461148262,41.9276333544,2
155876,-87.6770997047,42.0570519252,4
155870,-87.5855505466,41.7733600744,3
155863,-87.6278,41.8819,1
155775,-87.6683449745,42.0128774587,1
155759,-87.6636457443,42.0126702003,2
155731,-87.9929351807,42.0110400095,1
155694,-87.737030983,41.9575433999,1
155681,-87.6130914688,41.8840200089,3
155659,-87.713470459,41.9684489346,5
155658,-87.7085351944,41.9685127509,3
155657,-87.7010250092,41.9660278597,3
155651,-87.665271163,42.0171141514,2
155650,-87.6986432076,41.9686842566,1
151451,-87.6727867126,41.9215985712,1
151445,-87.6620149612,42.0191546779,1
151434,-87.6822280884,41.999559732,5
151431,-87.6660597324,42.008935447,1
151430,-87.6660490036,42.0089195031,5
151428,-87.6660704613,42.0090071946,1
151427,-87.6751041412,42.0091108299,8
151422,-87.6261806488,41.8795148467,3
151421,-87.6731300354,42.0053081021,4
151419,-87.6744657755,42.0127419437,1
151418,-87.6732158661,42.00526824,11
151417,-87.6744657755,42.0127419437,1
151408,-87.6731300354,42.0053081021,12
151407,-87.6692891121,42.0160061819,4
151405,-87.6744657755,42.0127419437,4
151404,-87.666156292,42.0091108299,1
151403,-87.666156292,42.0091108299,6
151402,-87.6608240604,42.0012021765,18
151401,-87.7162599564,41.9776298357,1
151400,-87.661113739,42.0013098109,7
151399,-87.7161955833,41.9773107997,1
151396,-87.6662528515,42.0090311105,1
151395,-87.6655340195,41.9980767118,1
151393,-87.6660704613,42.0090071946,3
151392,-87.6682806015,42.0160181385,12
151391,-87.6662528515,42.0090311105,7
151390,-87.6732158661,42.00526824,27
151386,-87.6681518555,42.0160380662,5
151385,-87.6723146439,42.0035700921,21
151384,-87.6661241055,42.0090071946,9
151383,-87.6618647575,42.0104700307,10
151382,-87.6661670208,42.0056668597,7
151381,-87.7133953571,41.9682614741,9
151380,-87.7184486389,41.979440335,7
151377,-87.6782369614,42.0004128517,1
151376,-87.7158737183,41.8806970832,4
151373,-87.6660060883,42.0091267737,8
151371,-87.6727223396,42.0193619152,14
151368,-87.6595044136,42.0079867768,9
151367,-87.5763237476,41.7663464518,5
151366,-87.666156292,42.0088636993,6
151364,-87.6608777046,42.0014014994,9
151363,-87.6661777496,42.0088716713,2
151362,-87.6610064507,42.0014652826,4
151361,-87.6662635803,42.0086803438,6
151360,-87.6750612259,42.0091666334,7
151359,-87.6660811901,42.0079548885,8
151358,-87.6729530096,42.0189992495,19
151356,-87.6278,41.8819,1
151354,-87.6592254639,42.0074287289,3
151350,-87.6660060883,42.0079070559,17
151349,-87.6660704613,42.0056748321,4
151347,-87.6617789268,42.010493946,5
151341,-87.6748198271,42.0125107703,1
151334,-87.6600515842,41.9925110911,1
151332,-87.6661294699,42.0089234891,6
151331,-87.6600515842,41.9925110911,7
151237,-87.7069687843,42.0205256198,4
151236,-87.6723361015,42.0515711312,1
151227,-87.6695036888,41.9688557619,2
151220,-87.680876255,41.8723890127,1
151217,-87.6958751678,41.8479218654,1
151193,-87.7774572372,41.9676951008,1
151170,-87.6278114319,41.8818952734,1
151164,-87.7110135555,41.8735234475,3
151156,-122.1915400028,47.7667266642,1
151149,-87.6643645763,41.9688717159,2
151146,-87.7653980255,41.9974866834,1
151127,-87.67377913,41.9397371213,5
151122,-87.5903087854,41.7805649429,18
151045,-87.6364588737,41.9040218078,1
151041,-87.5769138336,41.7962760293,3
150983,-87.6896739006,41.9939703195,5
150980,-87.6677441597,41.9944487478,4
150976,-87.6884078979,42.0412455602,7
150975,-87.6156717539,41.8860248637,1
150970,-87.6883220673,41.9448884068,1
150966,-87.7182984352,41.9282000839,3
150921,-87.7683162689,41.9700203904,1
150914,-87.7236843109,41.9246878768,3
150904,-87.6652979851,41.9897280982,1
150903,-87.6589679718,41.9900311234,2
150901,-87.6591825485,41.9900390977,2
150893,-87.6879787445,41.8895152377,5
150880,-87.8284192085,42.3605100304,5
150876,-86.0291290283,45.1171456878,4
150841,-87.633036375,41.8757123705,2
150832,-87.6203870773,41.9144135612,11
150828,-87.6278,41.8819,1
150816,-87.6896685362,41.9028639587,1
150813,-87.621127367,41.8806411671,1
150812,-87.6258426905,41.878072968,1
150811,-87.6354879141,41.92022949,1
150810,-87.6948237419,41.8226938072,1
150724,-87.6431751251,41.7212337051,6
150722,-87.6436901093,41.7359665759,5
150656,-87.679899931,41.9734981952,5
150638,-87.8073263168,41.9747225606,2
150637,-87.8074979782,41.982467024,5
150636,-87.7879822254,41.9763576699,2
145554,-87.724660635,41.8535960089,6
145551,-87.7246713638,41.842471017,5
145546,-87.7204656601,41.8525251527,6
145439,-87.6344418526,41.8821508844,1
145435,-87.6278114319,41.8818313705,1
145424,-87.680683136,41.9270506556,4
145418,-87.69497931,41.9976939913,16
145396,-87.7059710026,41.8747297611,6
145374,-87.6755976677,42.063965973,5
145354,-87.6409327984,41.8714622764,20
145350,-87.6809835434,41.8292016154,6
145347,-87.5843811035,41.803182409,6
145346,-87.687292099,41.8994342067,3
145344,-87.7020549774,41.9173515298,14
145341,-87.7069473267,41.9101979789,2
145336,-87.7153104544,41.9021931951,1
145312,-87.7153104544,41.9021931951,8
145311,-87.6750612259,41.9783556368,4
145309,-87.6107847691,41.8527768854,5
145304,-87.9019546509,41.9936912347,2
145301,-87.6569724083,41.9473222545,1
145297,-87.6979458332,41.9427577164,11
145293,-87.6924419403,41.9140463057,6
145281,-87.6570475101,41.997207614,5
145270,-87.7066469193,41.8991786648,10
145265,-87.7015775442,41.8992545289,7
145264,-87.6608562469,42.0056828045,5
145178,-87.6992440224,42.0557932963,6
145147,-87.7163565159,41.9775181733,4
145121,-87.7473199368,41.9883644671,10
145111,-87.7382004261,41.9718869423,4
145091,-87.8241491318,41.9448804269,4
145077,-87.630161047,41.8602325197,6
145064,-87.7853322029,42.0349227099,3
144994,-87.5478601456,41.7271913163,28
144993,-87.6339161396,41.8824264639,1
144990,-87.5484609604,41.7371194406,26
144987,-87.8445124626,42.0769397288,3
144982,-87.5518083572,41.7444844767,32
144959,-87.6747822762,41.9735221244,1
144948,-88.0075585842,42.0878924835,1
144946,-88.0092000961,42.0952529781,1
144880,-87.8473234177,42.0052283779,1
144879,-87.615237236,41.7582516261,32
144868,-87.7940011024,41.8729003098,2
144867,-87.8056097031,41.9899673288,1
144845,-87.6052808762,41.7511443037,35
144840,-87.8260374069,41.9740007063,2
144828,-87.8465080261,41.9809277772,1
144823,-87.8466796875,41.9879617517,2
144822,-87.6799964905,41.9756517864,12
144788,-87.7348208427,41.9535181718,4
144787,-87.8600692749,42.0174090753,3
144785,-87.855219841,42.0322252471,4
144784,-87.8562283516,42.0241361568,3
144781,-87.8454136848,42.0396758628,2
144778,-87.8404569626,42.052176591,3
144771,-87.7613639832,41.9646198447,5
144769,-87.7577376366,41.971990638,5
144737,-87.6393771172,41.935559127,3
144624,-87.7007567883,41.9833243603,6
144596,-87.6919054985,41.8993064359,14
144594,-87.6869273186,41.8992904645,5
144576,-87.6869004965,41.8907571897,7
144562,-87.7417463064,41.9535301401,8
144498,-87.6887834072,41.9577428595,1
144497,-87.6555562019,41.9975664173,7
144495,-87.5877821445,41.7966159669,6
144490,-87.6933860779,41.9541125971,5
144479,-87.7512574196,41.9229476662,3
144471,-87.750248909,41.9514476135,3
144461,-87.6790952682,41.9604554481,1
144446,-88.1284618378,41.7671666811,1
144442,-87.7024948597,41.9320433343,14
144439,-88.1461644173,41.7749843409,1
144422,-88.1553912163,41.7629493903,2
144421,-87.7041471004,41.8040221612,16
144413,-87.684507966,41.8044180406,17
144399,-88.1513679028,41.7710436233,2
144379,-88.1455421448,41.7795448691,2
144329,-87.7812552452,42.0353251281,3
144305,-87.7768349648,41.9530354465,6
144304,-87.6441192627,41.8310083343,1
144302,-87.6887083054,41.9576630757,3
144301,-87.8067684174,41.9682176003,3
144298,-87.6678085327,41.9691190017,6
144295,-87.8194069862,41.9633753409,2
144292,-87.7414405346,41.9635867487,2
144282,-87.7396380901,41.9460933725,8
144281,-87.7072048187,41.9099424801,10
144279,-87.6837730408,41.9512082382,2
144270,-87.8108882904,42.0102149336,8
144266,-87.7447986603,41.9551777614,5
144259,-87.7586495876,41.9280763617,1
144252,-87.7380073071,41.9535979607,7
144237,-87.737942934,41.95409265,1
144229,-87.7233088017,41.917319596,5
144228,-87.7021944523,41.9259969948,3
144224,-87.7126550674,41.988484085,4
144221,-87.7069795132,41.9026204084,1
147509,-87.5932431221,41.7569710856,4
147508,-87.6021373272,41.7733440716,8
147505,-87.5638461113,41.7624132063,8
147501,-87.563996315,41.7683029815,10
147486,-87.5524950027,41.7518486681,27
147484,-87.560133934,41.7590199382,24
147466,-87.6693320274,41.9251269133,3
147299,-87.6182198524,41.8883171903,1
147298,-87.7049839497,41.8519497599,1
147297,-87.7026236057,41.8585185199,6
147292,-87.6989275217,41.8519417683,6
147284,-87.6406860352,41.9436355376,2
147264,-87.6676368713,41.9106291308,5
147241,-87.6327252388,41.8678430825,11
147234,-87.6729798317,41.9217662118,1
147233,-87.7070975304,41.9277051937,1
147232,-87.677936554,41.9322149383,1
147230,-87.697892189,41.9291180152,4
147229,-87.712225914,41.9213271522,1
147220,-87.7378892899,41.9756358342,1
147181,-87.672303915,42.0292128786,7
147134,-87.6592254639,41.9897280982,3
147132,-87.6658344269,41.9889625545,3
147131,-87.6590538025,41.9900789694,3
147129,-87.6784676313,41.8707672153,4
147128,-87.6661133766,41.9890422991,2
147127,-87.6592898369,41.9897121495,5
147125,-87.6590108871,41.9898875854,5
147124,-87.6654696465,41.9896643033,1
147120,-87.8400707245,41.9845365743,2
147119,-87.7377605438,41.9755401205,11
147060,-87.8218746185,42.1793701748,1
147058,-87.8340625763,42.1782888887,1
147057,-87.7682089806,41.9758312491,10
147052,-87.6901674271,41.9286071681,12
147046,-87.765365839,41.8873108131,16
147043,-87.70581007,41.866492823,13
147038,-87.6602554321,41.9900231491,2
147037,-87.6694393158,41.9895765851,2
147030,-87.6996409893,42.0084371976,5
147029,-87.7047049999,42.0083255892,5
147004,-87.7852034569,41.9884043397,3
146911,-87.6456212997,41.816257302,5
146909,-87.6614356041,41.8103719312,5
146900,-87.6959395409,41.9904537614,5
146845,-87.6797175407,42.0029641693,1
146841,-87.7088570595,42.0116378838,9
146838,-87.675383091,42.0160978492,8
146837,-87.6662099361,42.0191347512,14
146832,-87.6711130142,42.0191626486,14
146726,-87.6707911491,41.9059821181,5
146714,-87.6390123367,41.8672438584,5
146710,-87.787746191,41.8707033013,1
146706,-87.6655554771,41.8692252712,4
146698,-87.6622509956,41.8843395119,6
146580,-87.6278114319,41.8818952734,1
146576,-87.7414834499,41.9284315634,1
146571,-87.6239383221,41.8903259036,5
146557,-87.7086639404,41.9265477742,1
146549,-87.6580667496,42.0056349702,21
146526,-87.6278,41.8819,1
146525,-87.6382935047,41.8896110805,4
146518,-87.6646113396,42.0149181211,18
146498,-87.68414855,41.8958844789,4
146400,-87.6880002022,41.8893994274,9
146390,-87.5852072239,41.7910287627,5
146389,-87.7050805092,41.8516420825,6
146388,-87.7152407169,41.8542073478,10
146386,-87.7344238758,41.8442174171,8
146311,-87.6774215698,41.8083247189,7
146296,-87.6598906517,41.9762898736,7
146249,-87.6702010632,42.0075881716,16
146241,-87.6610386372,42.0045746358,7
146236,-87.6567524672,42.0002653505,23
146234,-87.6699328423,42.0053160745,17
146232,-87.6745247841,42.0125227276,3
146220,-87.6278,41.8819,1
146191,-87.7800965309,41.7924166105,7
146178,-87.5969552994,41.785921064,16
146122,-87.6218408346,41.8984000544,1
146109,-87.6593917608,41.9509329556,3
146104,-87.6344525814,41.9020933785,1
146074,-87.6742941141,41.7939004145,14
146073,-87.6646059752,41.7940203972,19
146070,-87.645176053,41.7942843582,21
146055,-87.5958019495,41.75877584,13
146043,-87.7208089828,41.9719667082,7
146002,-87.7012825012,41.8589819836,2
145994,-87.6993298531,41.987487262,6
145964,-87.7281528711,41.9724014309,9
145936,-87.6106131077,41.8311602242,9
145927,-87.7561444044,41.9624698693,5
145909,-87.6745033264,41.9780126769,5
145771,-83.0183601379,42.5114945113,1
145678,-87.6692193747,41.9406548866,4
145664,-87.6865839958,41.89666312,4
145576,-87.7054667473,41.8540355342,8
145574,-87.7078056335,41.8499598199,3
145573,-87.7189207077,41.8370756585,8
145565,-87.7342414856,41.8363322623,6
148927,-87.6240777969,41.7424031391,7
148926,-87.6244211197,41.7588598739,16
148925,-87.6147222519,41.7368952741,17
148924,-87.6150655746,41.7449647758,10
148917,-87.7041578293,41.8040141636,2
148825,-87.7548193932,41.9606987776,1
148824,-87.7548193932,41.9606987776,5
148812,2.3352169991,48.8620609403,1
148811,-0.1409983635,51.5013965328,1
148810,-71.060128212,42.3615247743,1
148546,-87.6794654131,41.9724811962,5
148536,-87.6907253265,42.0269814025,4
148524,-87.6897597313,42.0197763878,3
148522,-87.6994264126,42.0194416217,6
148511,-87.6174795628,41.8969386369,6
148500,-87.6603198051,41.9857527527,4
148498,-87.6897060871,41.9832166955,7
148492,-87.6571011543,41.9944806429,5
148488,-87.6930856705,41.9357267309,3
148485,-87.7370095253,41.9871164398,5
148483,-87.7624046803,41.9971159195,7
148476,-87.6561301947,41.9326579137,3
148354,-87.7056062222,41.9101780181,1
148350,-87.6869380474,41.8993822998,2
148347,-87.7311086655,41.7859530634,2
148326,-87.6472091675,41.869425007,3
148310,-87.6738166809,41.8773739846,1
148308,-87.7349603176,41.782217028,4
148307,-87.7166891098,41.8862884455,2
148305,-87.7064216137,41.8947903723,3
148304,-87.706861496,41.9028360103,4
148285,-87.7022856474,41.9265078628,1
148284,-87.6707911491,41.9762539813,3
148249,-87.6878392696,41.8954212828,5
148232,-87.6385080814,41.8897388707,3
148226,-87.66949296,41.9873437182,4
148209,-87.6261806488,41.8603563734,1
148208,-87.628455162,41.8819272249,1
148207,-87.628455162,41.881863322,1
148206,-87.6542365551,41.9873596675,5
148205,-87.6643753052,41.9860837087,1
148204,-87.6605558395,41.9910598034,4
148203,-87.659611702,41.9899115084,4
148202,-87.6654267311,41.9895287388,2
148199,-87.6057529449,41.7369913455,20
148194,-87.6898616552,41.9977139247,1
148192,-87.5645542145,41.7619650491,9
148189,-87.5849819183,41.7371194406,12
148188,-87.5942516327,41.7432677029,10
148187,-87.5865268707,41.7465977659,8
148154,-87.6385509968,41.8931931027,2
148138,-87.6643753052,41.9860837087,5
148131,-87.6655769348,41.9894011484,1
148130,-87.6599979401,41.9902623785,3
148113,-87.7257657051,41.8737471365,12
148107,-87.5853681564,41.7259101562,7
148030,-87.7618575096,41.7779007161,5
148028,-87.7811157703,41.777732698,5
148026,-87.7813839912,41.7767005777,6
148021,-87.7597975731,41.7958361073,5
148015,-87.7697753906,41.7939564065,4
148012,-87.6650941372,41.9094115184,1
148010,-87.5513792038,41.6567176334,6
148005,-87.5291705132,41.6524930903,5
147989,-87.5471413136,41.6554751494,5
147975,-87.5424742699,41.6456506666,6
147974,-87.5486540794,41.6592626465,6
147971,-87.7989578247,41.941832001,1
147965,-87.5471735001,41.6517595787,5
147963,-87.8014147282,41.7920126579,2
147962,-87.7507638931,41.7773046502,5
147961,-87.7423095703,41.7748243164,5
147959,-87.74304986,41.7987235402,7
147880,-87.6796853542,41.9817332944,5
147879,-73.977534771,40.7522962099,1
147873,-87.6278,41.8819,1
147868,-87.7962219715,41.8887844314,2
147843,-87.7846240997,41.9020135251,1
147829,-87.533891201,41.7183828248,8
147811,-87.7260231972,41.8854737346,18
147808,-87.7453780174,41.8865919626,19
147801,-87.7553343773,41.8871670437,16
147794,-87.7061963081,41.8809686749,8
147791,-87.7257013321,41.8808089152,24
147789,-87.726559639,41.9097508553,11
147773,-87.5479459763,41.7448046765,14
147766,-87.6421022415,41.8728843318,1
147765,-87.7399921417,41.7848810755,7
147683,-87.7411723137,41.7884329667,15
147670,-87.6748359203,42.0124948273,5
147653,-87.6673150063,41.9882488362,3
147651,-87.611181736,41.6591263807,12
147645,-87.6603090763,41.9954574223,4
147617,-87.627146244,41.9156430537,1
147596,-87.7974128723,41.8796426571,1
147574,-87.6446771622,41.8681546768,1
147571,-88.4238910675,41.097399746,2
147546,-87.5718069077,41.7661263884,14
147519,-87.5761198997,41.7589559125,23
147511,-87.5777506828,41.7699673852,8
150635,-87.7615463734,41.9701679616,6
150620,-87.6871418953,41.9002966529,2
150608,-87.7840554714,42.0019277088,5
150603,-87.5727081299,41.9161859389,11
150582,-73.9355313778,40.6970509142,1
150568,-87.6982569695,41.959346492,10
150461,-87.7550554276,41.8804893946,5
150459,-87.7452707291,41.8804893946,8
150430,-87.6853609085,41.8690175454,1
150397,-87.6963472366,41.9686643141,3
150391,-87.706861496,41.9899912518,1
150239,-87.746193409,41.90955923,5
150237,-87.7261090279,41.8953134694,7
150234,-87.7447557449,41.865789718,7
150232,-87.725186348,41.8659814747,9
150133,-87.6635169983,42.0013815671,3
150121,-87.8177118301,41.9979730586,1
150118,-87.7546262741,41.9533147095,1
150117,-87.6869058609,41.8993064359,1
150116,-87.6995337009,41.9938826073,5
150111,-87.759655951,41.969937432,3
150110,-87.7438459371,41.9609899759,3
150109,-87.7474164943,41.9537264235,8
150105,-87.7527272701,41.7972078541,1
150098,-87.7229654789,41.7859290639,4
150089,-87.7350944281,41.7821890269,1
150081,-87.5656700134,41.7444204366,11
150080,-87.5666999817,41.7515925365,13
150033,-87.6284178223,41.8673263101,1
150028,-87.6072013378,41.6927472512,3
150024,-87.5929641724,41.6943695518,2
150023,-87.5290417671,41.7144025922,7
150022,-87.5384509563,41.6823315074,4
150021,-87.5473666191,41.6544530883,3
150020,-87.6037788391,41.6539640964,4
150018,-87.6699972153,41.6992642454,8
149994,-87.6716709137,41.6849796698,8
149993,-87.6809835434,41.6775437057,9
149992,-87.6630449295,41.6793386722,4
149991,-87.6722288132,41.6770308489,11
149990,-87.6738381386,41.6714452533,9
149988,-87.6798892021,41.6689287722,12
149986,-87.6881504059,41.6610420921,12
149984,-87.6805114746,41.6629016403,9
149982,-87.6752328873,41.6620680563,10
149978,-87.6554596424,41.6537837296,9
149973,-87.6808011532,41.6552026014,7
149972,-87.6775610447,41.6547857609,17
149968,-87.6809298992,41.6514749901,12
149961,-87.6176941395,41.8587942013,1
149957,-87.6206982136,41.8697166201,1
149953,-87.6860904694,41.8735873588,3
149906,-87.6033711433,41.8919352248,7
149902,-87.7170538902,41.9210317832,8
149894,-87.7585744858,42.0261764579,5
149888,-87.7474594116,41.9459257959,6
149886,-87.834148407,41.8558335609,1
149865,-87.7277183533,41.9519263613,12
149860,-87.7506780624,41.9546072824,1
149857,-87.6278,41.8819,1
149856,-87.686111927,41.8689696085,9
149855,-87.6863050461,41.8738589807,2
149854,-87.6862192154,41.8712865145,6
149849,-87.7611923218,41.997263428,8
149844,-87.6661992073,41.8098921217,1
149842,-87.7743136883,41.9830970676,8
149818,-87.6678836346,41.9982521246,7
149810,-87.7405929565,41.9521816919,3
149807,-89.7631072998,65.300067921,1
149508,-87.7649903297,41.9690472092,5
149310,-87.613863945,41.8819432006,1
149188,-87.2782659531,41.1450849745,1
149187,-87.6278,41.8819,1
149186,-87.625451088,41.685236067,6
149185,-87.6328754425,41.6924147746,7
149183,-87.6333045959,41.7069940583,4
149177,-87.593972683,41.659118365,5
149174,-87.6278,41.8819,1
149071,-87.6366734505,41.8832891398,2
149069,-87.6365017896,41.8843171473,1
149057,-87.629699707,41.8782527053,1
149055,-87.629699707,41.8782527053,1
149051,-87.6538825035,41.9653657375,2
149047,-87.6626157761,41.7212337051,11
149045,-87.6632165909,41.7359025272,9
149044,-87.6634740829,41.7505039658,9
149030,-88.2027697563,41.7809849686,1
149005,-88.2078766823,41.7813609892,1
148968,-88.2059240341,41.7591159765,1
148967,-88.2057523727,41.7784487718,1
148966,-87.712097168,41.9281442094,6
148964,-87.7164316177,41.9274896758,1
148948,-87.6540327072,41.8819272249,1
148947,-87.7155733109,41.9805170393,2
148933,-87.6338624954,41.7521368149,7
148932,-87.6148939133,41.7394571305,3
148931,-87.643904686,41.7428514329,6
148930,-87.6442480087,41.7512403539,7
148929,-87.6319742203,41.7413144125,2
148928,-87.6055383682,41.7436199293,21
144220,-87.6975435019,41.9358424572,6
144215,-87.6586031914,41.9474100308,8
144210,-87.6887512207,41.9626493691,5
144192,-87.8468191624,41.9301277244,2
144173,-87.690038681,41.8519817263,4
144172,-88.6295413971,41.8752010959,1
144171,-87.733951807,42.1095694596,1
144170,-87.6656091213,41.9980527918,9
144169,-87.6915085316,42.0736069452,5
144165,-87.6432180405,41.877913201,1
144156,-87.7205514908,41.9978375118,9
144150,-87.6811552048,41.8739228916,3
144148,-87.6523804665,41.8443852608,3
144133,-87.5084638596,41.6932239314,3
144114,-87.7199184895,41.9801820666,7
144056,-87.6918947697,41.8993463643,4
144038,-87.6587963104,41.9361896346,4
144037,-87.6370489597,41.9396054408,4
144034,-87.6439905167,41.9267393485,10
144026,-87.8026163578,42.0772582653,1
144025,-87.8056794405,42.0729618701,3
144024,-87.8182160854,42.0703934505,2
144023,-87.7967315912,42.0581870596,4
144022,-87.8016078472,42.0655032109,2
144021,-87.8245460987,42.089154457,1
144020,-87.819288969,42.0799498345,2
144019,-87.8185379505,42.0882627181,1
144018,-87.8254258633,42.0939154936,2
144016,-87.8159415722,42.0974183693,2
144015,-87.7981102467,42.0802365038,3
144014,-87.7986896038,42.0725756183,1
144013,-87.8128945827,42.0762867241,2
144012,-87.8088980913,42.0653956851,3
144010,-87.7780258656,41.9868253629,5
143978,-87.720900178,41.9228159511,1
143954,-87.6772713661,42.0151851561,10
143943,-87.6552343369,41.9094155106,9
143925,-87.6584744453,41.910605178,4
143891,-87.6314163208,41.8825662502,1
143870,-87.6152586937,41.7513844288,1
143869,-87.6172757149,41.7500397167,9
143868,-87.615301609,41.7513844288,1
143867,-87.6152586937,41.7513844288,1
143866,-87.6152157784,41.7513524122,30
143858,-87.6574391127,41.799571349,7
143857,-87.6549071074,41.7942283666,23
143856,-87.6571011543,41.7868170406,4
143854,-87.6684898138,41.7866930446,3
143852,-87.6652121544,41.7867210437,11
143836,-87.6570636034,41.7841570735,3
143815,-87.6458197832,41.772459909,9
143792,-87.6485180855,41.7833290613,5
143790,-87.6053667068,41.7659023232,37
143789,-87.5663995743,41.7587958481,35
143787,-87.5759267807,41.7513684205,39
143785,-87.6350748539,41.7815129969,9
143784,-87.6408040524,41.7761685092,2
143783,-87.5480318069,41.7518806845,40
143781,-87.6372367144,41.7695472874,9
143779,-87.5854754448,41.7514164454,39
143777,-87.6370972395,41.7634735658,18
143776,-87.5858616829,41.7585557507,40
143775,-87.6491457224,41.7596561896,5
143773,-87.5570225716,41.7604124803,38
143769,-87.6529437304,41.7650660728,6
143768,-87.6589947939,41.7659623407,2
143766,-87.663833499,41.765898322,13
143765,-87.6664566994,41.7716797555,6
143763,-87.5667536259,41.7730320156,39
143761,-87.6690262556,41.7743562427,4
143759,-87.664090991,41.774028189,3
143757,-87.6543438435,41.7741362069,18
143748,-87.7379107475,42.0093180999,7
143709,-87.7167695761,41.959254743,2
143672,-87.7055579424,41.9539171155,14
143653,-87.7002310753,41.9539530204,3
143623,-87.5968587399,41.8140023733,8
143601,-87.6091915369,41.8149499328,4
143386,-87.6263093948,41.8165211715,12
143346,-87.6188206673,41.8165691476,30
143073,-87.6278114319,41.879339107,2
142991,-87.6354396343,41.8425469484,8
142916,-87.7221018076,41.9664745889,8
142914,-87.6581525803,41.9214708448,11
142910,-87.7220106125,41.9208002767,6
142905,-87.6397848129,41.8837683992,3
142901,-87.7134865522,41.9738930257,10
142809,-87.6723951101,41.958799985,1
142798,-87.6351928711,41.7441642753,7
142739,-87.6542043686,41.8961959365,2
142735,-87.6790738106,41.890813097,1
142730,-87.6860904694,41.9576391406,60
142723,-87.7150046825,41.9172038362,11
142714,-87.7547764778,41.9562508866,2
142686,-87.6854896545,42.064125274,8
142683,-87.7155733109,42.0642845746,6
142679,-87.6901888847,42.033827004,5
142673,-87.6804685593,42.0194017684,13
142662,-87.6324033737,41.8677951448,43
142657,-87.6819705963,42.0442334558,6
142655,-87.668774128,41.9525327699,2
142654,-87.6792025566,42.0475478637,8
142650,-87.6867985725,42.0471176378,5
142640,-87.6133060455,41.8850903376,8
142638,-87.6673310995,41.9037263586,1
142614,-87.6884937286,41.9502986041,5
142609,-87.6310622692,41.8854657472,2
142578,-87.6832902431,41.9468913505,12
142542,-87.6180267334,41.8799741642,1
142516,-87.6562213898,41.8379149664,8
142507,-87.6823139191,41.9469791275,4
142482,-87.6971197128,41.9082817131,5
142462,-87.7623510361,41.953362583,16
142453,-87.7606236935,41.9678187461,17
142443,-87.7232712507,41.9743357115,6
142377,-87.6724433899,41.8995300346,18
142374,-87.735620141,41.9534264143,7
142372,-87.7571153641,41.9532827938,8
142369,-87.670404911,41.9943291411,7
142356,-87.651361227,41.8668443726,5
142348,-87.6766437292,41.8692732079,12
142346,-87.6407289505,41.9436913985,1
142342,-87.6785480976,41.9523652102,10
142323,-87.7088785172,41.9796875798,14
142313,-87.6310300827,41.8899465292,3
142304,-87.6971143484,41.9123497172,1
142288,-87.6588392258,41.8908410506,4
142281,-87.6312875748,41.8933448451,4
142276,-87.6474452019,41.8807130592,2
142272,-87.6165676117,41.8606999662,11
142270,-87.6707911491,41.8576714915,5
142263,-87.614454031,41.8666845776,21
142261,-87.6218032837,41.8309443805,14
142259,-87.6205587387,41.8782127637,1
142249,-87.7167963982,41.9099504645,10
142222,-87.614389658,41.8446210405,1
142216,-87.6557707787,41.891076659,4
142208,-87.743897438,41.9315125565,5
142203,-87.806596756,41.9309059479,3
142196,-87.7663421631,41.9312252163,2
142187,-87.7284908295,41.9641491698,1
142186,-87.835521698,41.9373229364,3
142178,-87.7936792374,41.8651345451,1
142144,-87.6307404041,41.8309084064,21
142137,-87.6443767548,41.90094348,5
142115,-87.6486253738,41.8186800625,4
142096,-87.6548051834,41.9654096133,12
142089,-87.8069829941,41.9378337137,3
142075,-87.5754225254,41.7367992025,16
142058,-87.6865410805,41.8846190757,18
142056,-87.6355683804,41.911032335,3
142052,-87.6767778397,41.8849785131,10
142047,-87.6321995258,41.8805692749,7
142046,-87.5991547108,41.8022986578,3
142033,-87.6548266411,41.9235543505,7
142025,-87.6870989799,41.910249877,8
142014,-87.6391518116,41.8817714615,5
142012,-87.6174902916,41.8384185458,7
142007,-87.6316845417,41.8857173502,6
142002,-87.6626157761,41.9671406881,9
141999,-87.6239061356,41.8867317397,1
141991,-87.6279830933,41.8382346998,9
141983,-87.6240777969,41.8884250155,7
141979,-87.6991796494,42.048033856,10
141968,-87.680811882,42.0392057428,12
141949,-87.6994371414,42.0398750651,11
141946,-87.7063894272,42.0333727785,5
141942,-87.7070760727,42.0261047297,9
141941,-87.5752079487,41.7228352678,18
141940,-87.6839017868,42.0251483456,8
141939,-87.5655519962,41.7133534355,11
141895,-87.6556420326,41.9162178732,1
141866,-87.6679372787,41.9123936294,3
141854,-87.6190137863,41.882606189,1
141811,-87.6680284739,41.9161300538,11
141757,-87.6416945457,41.9051516885,1
141738,-87.6614141464,41.9458140779,1
141722,-87.6705551147,42.001704469,29
141720,-87.6749539375,41.9979571119,28
141716,-87.6880002022,41.9301955699,6
141713,-87.6750612259,42.0016087945,30
141705,-87.6608777046,42.0056828045,7
141695,-87.6633453369,41.9064452377,4
141684,-87.6689565182,41.946484383,9
141674,-87.6131772995,41.88411586,21
141672,-87.7856862545,41.930989756,6
141667,-87.66045928,41.9187565973,10
141660,-87.7860510349,41.9383085733,8
141658,-87.66903162,41.8737631143,3
141649,-87.7618360519,41.9432085988,3
141648,-87.6254189014,41.8933168925,2
141641,-87.7669644356,41.9457223094,6
141635,-87.676692009,41.8244527395,2
141633,-87.6276022196,41.9009594509,6
141629,-87.6456266642,41.9337713248,5
141622,-87.6104521751,41.8513663703,18
141621,-87.6480621099,41.8992984502,16
141607,-87.7081596851,41.9581417768,19
141606,-87.6945126057,41.983013328,7
141604,-87.6593971252,41.8764872632,1
141593,-87.7227830887,41.9561790795,14
141592,-87.5964027643,41.7804049324,31
141587,-87.6281815767,41.8858171924,3
141583,-87.7277827263,41.9595619023,10
141576,-87.7191030979,41.9536737601,19
141564,-87.7305078506,41.9535859924,21
141538,-87.6572835445,41.8889920931,1
141535,-87.7196717262,41.9756198819,8
141525,-87.7279007435,41.9633593855,2
141513,-87.7369022369,41.9658882562,4
141497,-87.6398599148,41.8850743627,8
141473,-87.5851535797,41.8023986303,23
141470,-87.6693749428,41.9269069756,1
141468,-87.6247859001,41.7362147638,31
141464,-87.7119898796,41.9210277917,14
141463,-87.6252043247,41.7510002282,33
141461,-87.6258480549,41.7691912023,30
141460,-87.710198164,41.9171798859,12
141458,-87.7791309357,41.8726925958,5
141453,-87.6316308975,41.8091004281,22
141444,-87.631008625,41.7799449,33
141438,-87.6306009293,41.8529487024,12
141434,-87.6156234741,41.7803529289,56
141430,-87.6404285431,41.9129046064,1
141427,-87.745013237,41.8768627233,17
141424,-87.6278,41.8819,1
141403,-87.6355576515,41.9220655689,10
141397,-87.6301181316,41.9113357345,1
141386,-87.6395916939,41.9238297514,1
141382,-87.6912403107,41.9648352371,4
141346,-87.632060051,41.8898586738,1
141343,-87.6394844055,41.933244552,4
141340,-87.620408535,41.8530046428,5
141339,-87.6642251015,41.7790648288,46
141334,-87.752147913,42.0393890103,6
141328,-87.7204549313,42.0408232597,5
141323,-87.5963169336,41.8208748604,20
141319,-87.7116304636,41.993463979,6
141317,-87.677936554,41.9321989751,19
141298,-87.6307940483,41.8346056315,10
141290,-87.6439529657,41.9255340171,13
141284,-87.5745642185,41.7811769794,21
141283,-87.6684308052,41.7793688548,11
141279,-87.5859797001,41.7794968653,16
141271,-87.6323282719,41.92215338,8
141269,-87.6135849953,41.7936004569,13
141253,-87.6240885258,41.8796466512,1
141243,-87.7570402622,41.9439627224,2
141240,-87.6447629929,41.7797768873,54
141239,-87.6690852642,41.9843890364,10
141234,-87.6647186279,41.9780086889,6
141212,-87.713727951,41.850974777,9
141207,-87.7184057236,41.8393377679,2
141206,-87.7340698242,41.835213155,2
141201,-87.7249717712,41.8442933464,7
141197,-87.7150583267,41.8444212272,8
141193,-87.7577590942,41.8950419386,17
141191,-87.7123332024,41.939270253000004,9
141184,-87.7131271362,41.9611255993,18
141179,-87.6742780209,41.8772541581,16
141163,-87.7384471893,41.9608304145,8
141158,-87.7327394485,41.9608782824,6
141145,-87.6963686943,41.9834200623,11
141126,-87.712751627,41.9454390231,11
141109,-87.7023553848,41.8902340553,5
141096,-87.6863265038,41.8423191539,12
141077,-87.9077911377,41.9779967252,8
141074,-87.5907111168,41.7845130755,11
141071,-87.5609922409,41.766298438,45
141058,-87.6325964928,41.9156909555,1
141023,-87.7229976654,41.4591953795,1
141015,-87.6091861725,41.6909646762,4
141011,-87.6315879822,41.7950882329,2
140992,-87.6289701462,41.9094554327,12
140989,-87.7092647552,42.0771069606,5
140988,-87.6088643074,41.700073316,6
140984,-87.6253598928,41.8893395255,3
140975,-87.6289379597,41.9111920191,2
140970,-87.5986933708,41.6955552073,7
140950,-87.7740240097,41.8655660012,6
140939,-87.6601803303,41.983432025,10
140924,-87.6689243317,41.9159584067,16
140920,-87.5872135162,41.799515362,19
140891,-87.618573904,41.8019467535,46
140887,-87.6440656185,41.9547628681,6
140875,-87.6397418976,41.9374665929,5
140872,-87.6752543449,42.0091785913,15
140852,-87.6519083977,41.9840102211,7
140844,-87.7018940449,41.9684967968,15
140832,-87.7930784225,41.8337582863,2
140826,-87.6986753941,41.9685446589,4
140806,-87.6667356491,42.0082657989,8
140805,-87.7543258667,41.8512784618,13
140803,-87.6709413528,41.9406987794,4
140800,-87.6607489586,42.000612177,1
140787,-87.5806152821,41.7900768497,12
140741,-87.6644074917,41.9689514856,14
140739,-122.4218344688,37.7649136414,1
140710,-87.7124941349,41.939166504,15
140708,-87.773938179,41.8508948597,6
139084,-87.6370811462,41.884227686,9
139082,-87.6278,41.8819,1
139080,-87.6278,41.8819,1
139079,-87.6967227459,41.8992944574,4
139078,-87.6676368713,41.9543918554,7
139076,-87.6931393147,41.9424704269,3
139075,-87.6759839058,41.9432844106,10
139074,-87.6753294468,42.0089633489,33
139073,-87.6174473763,41.8867477142,9
139072,-87.7126121521,41.9391585233,2
139071,-87.7126121521,41.9391585233,30
139067,-87.6677978039,41.9792210042,11
139065,-87.6869916916,41.8991786648,25
139064,-87.7376103401,41.9828179352,9
139063,-87.7047157288,41.9139105803,10
139062,-87.706990242,41.9405631106,4
139060,-87.6660919189,42.0079309722,45
139059,-87.630649209,41.8780290321,3
139028,-87.7248644829,41.9911794163,2
139027,-87.772371769,41.9676990893,8
139025,-87.6893520355,41.9886276262,18
139023,-87.6655447483,41.834102022,14
139022,-87.675511837,41.8318876922,12
139015,-87.7173113823,41.9350962188,43
139010,-87.6653945446,41.8303448107,21
139008,-87.6857471466,41.8807769632,27
138996,-87.5662815571,41.7664744883,69
138969,-87.7659344673,41.9221334229,2
138968,-87.7068078518,41.9101820103,23
138954,-87.6870077848,41.8993982712,4
138933,-87.683300972,42.0487548707,5
138919,-87.8039360046,41.8448048682,1
138904,-87.6885795593,41.957647119,9
138878,-87.647767067,41.9315404923,3
138864,-87.6606845856,42.0024299956,20
138852,-87.6464796066,41.861419108,6
138846,-87.6999092102,41.9972793748,27
138808,-87.100982666,42.0401141071,12
138804,-87.7019691467,41.8954093035,7
138776,-87.6877748966,41.9329492382,3
138765,-87.7157878876,41.8771343314,18
138752,-87.6447629929,41.8754407564,1
138750,-87.6551055908,41.9809477159,21
138749,-87.717397213,41.9391505426,12
138739,-87.7086639404,41.8714782547,5
138735,-87.6978431255,41.9427955359,30
138707,-87.6614999771,41.9269389045,11
138681,-87.6994800568,42.0337712221,13
138670,-87.6372098923,41.8845352067,12
138664,-87.6997482777,42.0231478624,9
138659,-87.677936554,41.8302248961,21
138657,-87.6429283619,41.8954971513,2
138651,-87.6900708675,42.0186126694,15
138649,-87.6655983925,41.88013792,9
138633,-87.6430356503,41.8889641387,1
138624,-87.7087175846,41.9756916671,22
138622,-87.6327896118,41.8753129376,3
138618,-87.7203369141,41.6837136935,1
138617,-87.655620575,41.8476661175,3
138611,-87.644687891,41.9503025938,51
138610,-87.7247142792,41.8515821451,24
138604,-87.7243280411,41.8369077956,12
138600,-87.7236413956,41.8078688854,9
138595,-87.7231264114,41.7931845134,11
138586,-87.722697258,41.7786567917,17
138577,-87.7223539352,41.7641257782,7
138570,-87.708363533,41.9683292791,21
138569,-87.7218818665,41.7495914731,7
138560,-87.5067901611,41.4316589189,1
138559,-87.6691496372,41.9854696444,27
138551,-87.721323967,41.7348937526,4
138529,-87.71235466,41.9391904461,24
138526,-87.7178961039,41.9682136118,16
138523,-87.7062392235,41.8899265621,14
138514,-87.7031600475,41.9663908274,3
138507,-87.5067901611,41.4311441075,1
138501,-87.6382565984,41.8896360774,11
138474,-87.6308346045,41.8914978755,4
138472,-87.8071975708,41.9820283823,19
138463,-87.6835155487,41.9503464799,25
138457,-87.6945877075,41.986466499,2
138453,-87.6871204376,41.9539370627,9
138437,-87.6674222946,41.7278799292,8
138428,-87.6217779642,41.8994052974,7
138424,-87.685918808,41.9467397355,9
138418,-87.6763272285,41.9798112019,13
138399,-87.7186632156,41.9464404942,16
138387,-87.6294207573,41.8736872199,10
138385,-87.7025699615,41.9206406166,6
138378,-87.6729154587,41.7210895625,6
138375,-87.7277827263,41.9415287465,13
138320,-87.6384437084,41.8786680964,1
138288,-87.7001130581,41.9903341472,13
138285,-87.6879358292,41.8892117345,40
138283,-87.8009319305,41.7632775006,7
138281,-87.7102088928,41.6991280642,2
138271,-87.6751685143,41.8341300004,11
138249,-87.6992225647,41.9763377298,9
138248,-87.7062928677,41.8840200089,24
138244,-87.630096674,41.8885408275,10
137496,-87.6721322536,42.0521606579,15
137487,-87.7778863907,41.9801182621,20
137486,-87.7549266815,41.9607027666,19
137484,-87.7322351933,41.9534663089,41
137481,-87.6261484623,41.8957247565,9
137465,-87.8074336052,41.9748780972,7
137464,-87.6533889771,41.8694809329,2
137454,-87.6473808289,41.8868315804,15
137442,-87.6810264587,41.86768329,1
137436,-87.7663636208,41.9385280451,7
137432,-87.7389621735,41.9662871226,1
137430,-87.6836818457,41.8690095559,15
137429,-87.707118988,41.917319596,52
137428,-87.7664279938,41.9167607535,2
137427,-87.69926548,41.9759389264,26
137424,-87.6740527153,41.9636784915,2
137417,-87.7475452423,41.9536179079,31
137412,-87.6636457443,42.0076838371,11
137410,-87.6574230194,41.8508269299,2
137403,-87.6454281807,41.8087645552,27
137401,-87.654633522,41.951327926,17
137397,-87.8295135498,42.0107370843,5
137382,-87.7431464195,41.9607506346,37
137371,-87.6426225901,41.8162932843,14
137369,-87.7670717239,42.011757458,7
137366,-87.658495903,41.8523493388,10
137364,-87.696390152,41.8842117109,19
137361,-87.7050054073,41.8444651862,15
137357,-87.6947271824,41.7862490569,11
137353,-87.63045609,41.8723330894,5
137346,-87.750248909,42.0205256198,6
137344,-87.6838856936,41.7864290523,22
137322,-87.6841378212,41.7936324525,30
137315,-87.7135562897,41.7063372606,5
137311,-87.6727974415,41.8559414409,6
137310,-87.6693212986,41.8763874064,5
137307,-87.6336103678,41.8162613,12
137302,-87.6841163635,41.8260037579,20
137300,-87.6707267761,42.0409109072,16
137297,-87.6656627655,41.8393057952,7
137292,-87.6778507233,41.8303208278,6
137289,-87.6771640778,42.0510453325,17
137287,-87.7623939514,41.9687600381,39
137284,-87.7217531204,41.9622345244,8
137283,-87.7036857605,41.8114354961,10
137281,-87.6060962677,41.8310562996,23
137275,-87.7158737183,41.8005591121,8
137272,-87.6794815063,42.0338349728,26
137259,-87.7352714539,41.7853290726,14
137255,-87.7058744431,42.0598319727,3
137234,-87.8067684174,41.9542721734,10
137215,-87.6976776123,42.0638305669,11
137205,-87.6210951805,41.8658696167,3
137204,-87.7994728088,41.9453033645,2
137188,-87.7824997902,41.8982363454,1
137161,-87.7986574173,41.9919449334,16
137160,-87.6967763901,41.8992585218,11
137146,-87.6819062233,42.0485556962,14
137145,-87.7019691467,41.9100382923,20
137144,-87.8168106079,42.0020552741,6
137140,-87.6968836784,41.8955051375,20
137126,-87.6837301254,41.869600774,7
137125,-87.6745247841,41.9686483601,36
137117,-87.7863836288,41.9527482032,14
137115,-87.649269104,41.9381529474,5
137112,-87.5903248787,41.7994233832,8
137110,-87.7944624424,41.9190839098,5
137108,-87.6655769348,41.7066896895,5
137096,-87.7872633934,41.9598172023,25
137095,-87.68414855,41.8262236157,11
137094,-87.7851819992,41.9238816384,8
137090,-87.6839447021,41.7207211966,5
137084,-87.7651619911,41.9560992938,18
137081,-87.646715641,41.8606999662,13
137075,-87.6327037811,41.8878339715,19
137067,-87.7859115601,41.9163136759,5
137066,-87.7403140068,41.949077759,30
137055,-87.8016400337,41.9217582289,12
137045,-87.6867341995,41.8993303929,27
137031,-87.7633810043,42.0189155571,5
137030,-87.6663708687,41.9216983573,8
137027,-87.7476739883,42.0262481861,12
137012,-87.7768349648,41.8707752046,9
137008,-87.6953816414,41.8436139753,12
137003,-87.6825714111,41.7063692996,7
136987,-87.7172470093,41.7058566726,2
136984,-87.6728510857,41.9216384857,11
136982,-87.7746033669,41.8871989925,15
136979,-87.6454281807,41.9620669902,9
136965,-87.7112388611,42.0114545363,15
136962,-87.7031493187,41.9427098349,23
136959,-87.7788734436,41.8799142534,3
136958,-87.6711559296,41.6924307976,10
136956,-87.6843309402,41.9756358342,18
136954,-87.5888925791,41.7995833462,17
136950,-87.6684951782,41.7065294948,13
136941,-87.5270462036,41.8577993455,18
136936,-87.6387119293,41.9146969853,11
136935,-87.7003383636,41.6917898743,5
136933,-87.6472735405,41.8766630108,3
138204,-87.6545906067,41.7072023098,7
138196,-87.6818847656,41.6920782906,11
138192,-87.6943516731,41.8992824788,12
138190,-87.7068507671,41.8953454141,11
138187,-87.7517294884,42.0587247477,7
138173,-87.6906502247,41.9314008133,3
138133,-87.6275968552,41.9078265915,40
138131,-87.7069741488,41.9026124232,28
138130,-87.6717567444,41.8664129251,9
138127,-87.7309799194,41.9306345685,4
138125,-87.6731193066,42.0053280331,56
138120,-87.6570796967,41.8421033478,14
138079,-87.6097869873,41.8864322169,1
138076,-87.6658344269,41.8394176996,3
138073,-87.6849746704,41.8249644198,6
138068,-87.7379322052,41.7861290597,13
138065,-87.6870507002,41.899278486,3
138061,-87.7232551575,41.8003991515,23
138049,-87.7040290833,41.8122351574,7
138045,-87.5899279118,41.8055616783,6
138040,-87.6672077179,41.7212657368,6
138034,-87.7185451984,41.9296288582,24
138033,-87.6917874813,41.8956888189,16
138030,-87.6668643951,41.7140261792,10
138013,-87.6067185402,41.7954161789,11
138001,-87.6157736778,41.8860168764,20
137998,-87.6649224758,42.0209321143,27
137987,-87.6954352856,41.84382578,8
137983,-87.7468585968,41.9532668359,51
137978,-87.7281045914,41.9465322617,4
137968,-87.6717728376,41.7820930231,24
137946,-87.67557621,41.9941696651,6
137945,-87.7067649364,41.9246040604,10
137935,-87.6694178581,41.9760785079,9
137931,-87.6902532578,41.9976142576,19
137929,-87.6588821411,42.0069105371,19
137928,-87.7236199379,41.9390587645,11
137925,-87.6627445221,41.9053712743,3
137908,-87.7443695068,41.8944190107,6
137906,-87.629570961,41.8866718353,12
137880,-87.7896881104,41.3327402728,1
137876,-87.7227187157,41.960989974,14
137862,-87.7210235596,41.6907323369,3
137851,-87.7277827263,41.960989974,16
137845,-87.6924097538,42.0087680356,21
137844,-87.6388514042,41.9466080695,15
137840,-87.6385402679,41.85365994,4
137832,-87.6752543449,42.0101392015,17
137831,-87.6284015179,41.901777957,8
137830,-87.7877140045,41.9977418315,1
137828,-87.5491046906,41.757739413,33
137809,-87.6857578754,42.0107609995,1
137808,-87.6857578754,42.0107609995,5
137805,-87.7173113823,41.9282559583,12
137800,-87.7117753029,41.9139185641,26
137799,-87.6934504509,41.9613769041,15
137798,-87.7014541626,41.8852500866,8
137796,-87.6335996389,41.885797224,6
137790,-87.6692247391,41.882382531,7
137789,-87.6358473301,41.8905774875,15
137783,-87.6805329323,42.004423158,19
137761,-87.6160955429,41.8679789058,19
137760,-87.6623046398,41.9106371151,31
137751,-87.6370811462,41.8790794907,8
137738,-87.7111530304,41.7207532285,1
137736,-87.7283620834,41.9755480967,19
137735,-87.6893734932,42.004837728,20
137734,-87.6804256439,42.013614815,26
137725,-87.6862192154,42.0115741108,5
137722,-87.6278,41.8819,1
137702,-87.7581453323,42.1355314734,3
137698,-87.7901172638,42.1515370733,9
137697,-87.7682948112,41.9850230485,16
137676,-87.5962901115,41.7912727381,11
137664,-87.7877140045,41.9976780446,11
137647,-87.7025270462,41.92857524,30
137639,-87.5863981247,41.7913207332,12
137637,-87.6673793793,41.7067217283,3
137629,-87.6602983475,41.9840740217,10
137628,-87.7113246918,41.7113992354,3
137613,-87.7217102051,41.7056964758,3
137604,-87.6734733582,41.8232854534,16
137599,-87.7213668823,41.720881356,3
137597,-87.7875423431,41.9757315477,9
137594,-87.6309871674,41.8879338104,12
137590,-87.7156162262,41.7130010432,3
137588,-87.6519942284,41.945534782,1
137581,-87.6906394958,41.9314008133,24
137568,-87.669095993,41.7065294948,4
137547,-87.6244050264,41.7219704289,34
137546,-87.7281475067,41.9682176003,24
137535,-87.6822280884,41.8235093182,30
137527,-87.6090788841,41.7207852604,22
137518,-87.648780942,41.8962877763,47
137514,-87.6034247875,41.8147940063,9
137511,-87.7132290602,41.9245761216,4
137508,-87.6243889332,41.8743143444,2
137507,-87.7382701635,41.9681617609,12
137498,-87.7060890198,41.9393899631,15
137497,-87.7008640766,41.8628493771,19
139687,-87.635332346,41.8530286172,36
139660,-87.6783227921,41.9944886167,1
139657,-87.8165531158,41.8742424451,8
139651,-87.6300644875,41.9057984664,9
139648,-87.6346135139,41.9094394639,8
139644,-87.8108024597,41.8792911779,3
139632,-87.6438617706,41.8794229829,3
139628,-87.8456819057,41.9790255996,2
139627,-87.6844006777,41.8831174043,11
139620,-87.7393698692,41.9427417559,5
139616,-87.836830616,41.9792010649,3
139608,-87.8391265869,41.9832366334,9
139597,-87.7477490902,41.9601243589,5
139594,-87.6747179031,41.9903421215,18
139581,-87.7381467819,41.9287348803,2
139578,-87.6744925976,42.0594496238,7
139565,-87.6726579666,41.9123936294,3
139564,-87.6830971241,42.058414084,10
139559,-87.7820277214,41.9661515083,3
139552,-87.6884078979,41.9466280189,5
139547,-87.7416229248,41.7341731896,2
139529,-87.634677887,41.9156909555,1
139483,-87.7554416656,41.9387594872,5
139451,-87.8144073486,41.9780366044,1
139444,-87.6433467865,41.9034428858,9
139430,-87.8071117401,41.9824789869,8
139423,-87.6656627655,42.0017762247,18
139414,-87.6652121544,41.9944567216,17
139407,-87.6473808289,41.8868315804,1
139392,-87.6782798767,42.0271726749,18
139387,-87.6814770699,42.0414367898,16
139383,-87.660984993,42.0014254181,26
139380,-87.762093544,42.0626596899,8
139370,-87.7765989304,41.8880616039,1
139359,-87.6828289032,41.9152758052,2
139358,-87.6883649826,41.9466758974,7
139351,-87.6647293568,41.9762739215,12
139350,-87.6350051165,41.9644523167,2
139347,-87.7896022797,41.8886686199,3
139338,-87.6684844494,41.9816734791,4
139331,-87.8025197983,41.9053433271,1
139323,-87.7814698219,41.7899808577,10
139321,-87.6604056358,41.9910598034,15
139320,-87.802605629,41.8886366718,8
139315,-87.6549232006,41.9946959343,22
139314,-87.6919806004,41.8570921495,7
139313,-87.7777147293,41.781280985,11
139312,-87.7428245544,41.7784487718,14
139306,-87.6699328423,41.9945524068,15
139305,-87.7238237858,41.9390827066,5
139295,-87.6425528526,41.9487506005,1
139273,-87.6130429068,41.8605098758,19
139269,-87.8520441055,42.0885413878,3
139264,-87.6745355129,41.9688597504,13
139262,-87.7887868881,41.8743223332,1
139257,-87.6332080364,41.9141580793,3
139243,-87.6577019691,41.9655252857,2
139235,-87.8212094307,42.0883503001,1
139234,-87.6879143715,41.928359725,12
139228,-87.5971269608,41.7513524122,21
139215,-87.689781189,41.9976262176,11
139209,-87.8057599068,42.074940876,4
139196,-87.7864265442,41.9021173345,2
139179,-87.6574981213,41.8975516373,7
139174,-87.6263201237,41.8877461131,2
139170,-87.6731514931,42.0191427219,53
139165,-87.670404911,41.9989099183,26
139163,-87.6978063583,41.9320553067,16
139162,-87.7841091156,41.8808089152,1
139159,-87.6544082165,41.9873477055,33
139151,-87.6585066319,41.8816196916,5
139141,-87.6612532139,42.0104540871,25
139139,-87.6591932774,41.9945763281,26
139136,-87.7612137794,41.9707582433,39
139134,-87.7622330189,41.9696893509,36
139128,-87.655352354,41.8716739889,2
139127,-87.6973342896,41.8957926386,8
139126,-87.6732158661,42.0066753564,22
139124,-87.6879358292,41.8895312115,10
139114,-87.6750183105,42.0090191525,17
139113,-87.7679729462,41.9972953216,12
139107,-87.6228761673,41.8862804582,1
139106,-87.6285302639,41.8718896952,1
139102,-87.650002,41.8500137687,2
139101,-87.6842558384,41.9759309503,7
139100,-87.6285302639,41.8718896952,7
139099,-87.6428103447,41.8744781148,1
139098,-87.6428103447,41.8744781148,4
139097,-87.6372528076,41.8844353625,9
139096,-87.6673793793,41.7211696418,1
139095,-87.6282942295,41.8966191969,1
139094,-87.6282942295,41.8966191969,1
139093,-87.6673793793,41.7211696418,6
139092,-87.7088356018,41.9647235522,10
139091,-87.6282942295,41.8966191969,6
139090,-87.7276968956,41.9535062034,14
139089,-87.6128125191,41.8921868024,5
139088,-87.8005027771,42.0265032188,4
139086,-87.6449131966,41.9327896085,16
139085,-87.6278,41.8819,1
140707,-87.6785480976,41.9468115532,20
140682,-87.6628303528,42.012706072,17
140680,-87.6794171333,41.9756757148,8
140669,-87.6694822311,41.9895207644,13
140667,-87.6894593239,41.9783875399,10
140661,-87.6540327072,41.9853260961,11
140651,-87.8593826294,41.9834838635,1
140641,-87.6819598675,41.8958126039,8
140625,-87.6924258471,41.975755476,27
140616,-87.7023768425,41.9214788277,1
140594,-87.8868055344,42.0409905866,2
140587,-87.8594255447,41.9834679132,8
140580,-87.6741170883,41.9762938616,14
140555,-87.6297104359,41.8920270707,2
140545,-87.6697719097,41.9897998675,10
140529,-87.6386582851,41.8792312665,4
140519,-87.700740695,41.9055229877,10
140498,-87.6382935047,41.8781129097,7
140496,-87.6686882973,41.98158575,12
140489,-87.7451044321,41.8710268654,23
140478,-87.3927426338,41.2892790111,1
140474,-87.6449078321,41.9429412618,4
140472,-87.6321458817,41.8790475378,1
140471,-87.6575946808,41.9417202758,3
140469,-87.4046730995,41.2933257659,1
140467,-87.6406860352,41.9436355376,14
140461,-87.6341629028,41.8381707532,20
140456,-87.5158452988,41.5360007876,5
140455,-87.6557385921,41.8308724324,17
140454,-87.6985359192,41.9391904461,24
140450,-87.5306081772,41.5460226425,1
140449,-87.6699864864,42.0101950041,7
140440,-87.6553201675,41.9837231175,8
140437,-87.6696109772,41.982554752,6
140433,-87.6564788818,41.9635428717,19
140430,-87.7760946751,41.9383524677,1
140427,-87.5267028809,41.7026206203,13
140421,-87.5443840027,41.7228032369,29
140386,-87.7125263214,41.9298842782,29
140315,-87.6510608196,41.8948502691,4
140296,-87.697634697,41.9287508443,1
140294,-87.7027845383,41.8518418732,9
140292,-87.7614605427,41.9701879037,27
140281,-87.647895813,41.9048961695,14
140279,-87.7760088444,41.9383205445,2
140264,-87.7122366428,41.9391345812,42
140263,-87.8313589096,41.996705286,1
140262,-87.6638281345,41.9130722698,47
140252,-87.7172470093,41.9319276012,10
140241,-87.6278,41.8819,1
140239,-87.6278114319,41.8820230791,1
140237,-87.6899957657,41.8918873052,8
140228,-87.6278,41.8819,1
140215,-87.674202919,41.9866578933,11
140214,-87.7016955614,41.913926548,14
140211,-87.7052092552,41.9394298664,11
140207,-87.7265650034,41.9171559355,5
140198,-87.7126121521,41.9391585233,3
140164,-87.6111602783,41.6927752913,8
140157,-87.742524147,41.6923506826,2
140143,-87.7170753479,41.9283677071,5
140137,-87.7486610413,41.7193277935,1
140128,-87.6693964005,41.7064814363,3
140125,-88.0918550491,42.3207001195,2
140122,-87.7283191681,41.7093328445,1
140103,-87.7034497261,41.9612093677,8
140044,-87.653785944,41.9255739291,3
140034,-87.746386528,41.9141421117,10
139996,-87.797305584,41.998674708,4
139981,-87.7042865753,41.9253743688,1
139967,-87.6796102524,41.9786666918,4
139966,-87.9481261969,42.0590115129,1
139952,-87.7277612686,41.9244563836,10
139950,-87.6265046352,41.8841828782,1
139948,-87.6377570629,41.8805293347,2
139941,-87.6594400406,41.9509848205,7
139936,-87.7686166763,41.9767764107,12
139935,-87.6210737228,41.8728044419,8
139933,-87.6254940033,41.9041775169,25
139922,-87.7967476845,41.9353875321,1
139905,-87.6322960854,41.8583587041,30
139904,-87.7145433426,41.9421751557,8
139895,-87.6434648037,41.9035906112,8
139852,-87.811832428,41.8724689032,1
139842,-87.6558995247,41.9982680712,17
139838,-87.6813697815,41.9906929892,21
139833,-87.6967334747,41.899278486,4
139826,-87.7079558372,41.9500033692,6
139825,-87.8056204319,41.8778452999,1
139808,-87.7080416679,41.9501310385,1
139797,-87.8096330166,41.8777654162,1
139782,-87.7940869331,41.8798743128,2
139763,-87.6380360126,41.8515581702,30
139762,-87.6937294006,41.9684090495,13
139760,-87.6841378212,42.0477510249,13
139732,-87.7033209801,41.7713996981,19
139720,-87.6036769152,41.7914207227,3
139693,-87.6883971691,41.9467517051,2
139691,-87.6795566082,41.9759229742,23
139689,-87.6870989799,41.8992705003,10
136442,-87.6669824123,41.8742783948,13
136440,-87.6312071085,41.7945603163,34
136436,-87.6870882511,41.9676990893,2
136432,-87.6701259613,41.8233414197,13
136428,-87.7120113373,41.910102167,19
136427,-87.5940424204,41.7914807164,18
136425,-87.6486361027,41.869692652,18
136414,-87.6535606384,41.9436435177,20
136411,-87.6014024019,41.7979677012,8
136409,-87.728061676,41.9859002875,17
136407,-87.6885795593,41.9465003425,33
136403,-87.6840519905,41.9686882451,12
136400,-87.7193069458,41.9148925871,14
136397,-87.6654911041,41.8390260332,13
136396,-87.6628088951,42.0128176727,26
136382,-87.6587533951,41.9982600979,39
136379,-87.704501152,41.913926548,22
136375,-87.6703727245,41.9160382426,14
136371,-87.692527771,42.0642925396,7
136368,-87.6833385229,42.0471136542,22
136365,-87.5914943218,41.7879729919,10
136356,-87.6623797417,41.9635109611,10
136350,-87.6754206419,42.0089832788,25
136346,-87.5764846802,41.7655502191,57
136344,-87.6575195789,42.0025575599,21
136342,-87.7131056786,42.0618631626,6
136340,-87.6896524429,41.9704112541,22
136339,-87.5883507729,41.7914727173,15
136337,-87.6718103886,42.0016964961,108
136330,-87.5930982828,41.7859650632,13
136329,-87.7280187607,41.924432436000004,33
136327,-87.6706087589,41.9981086051,77
136319,-87.6721966267,41.8959523608,22
136307,-87.6958966255,41.861363175,30
136306,-87.6417911053,41.9355112401,5
136298,-87.7275466919,41.946117312,16
136297,-87.7884864807,41.9654893874,5
136285,-87.6340556145,41.8300690067,44
136284,-87.7357006073,41.9462449891,29
136281,-87.697892189,41.9467796342,29
136275,-87.6815199852,41.8811124583,19
136272,-87.5859689713,41.7661583977,67
136270,-87.6806616783,41.829001754000004,62
136269,-87.6244050264,41.8967310011,1
136259,-87.6425421238,41.9487506005,30
136258,-87.679567337,41.9763536819,44
136257,-87.8047299385,41.8797225385,7
136256,-87.717654705,41.9466040796,53
136255,-87.6530563831,41.986414663,46
136254,-87.6491832733,41.9236022464,8
136252,-87.6857042313,41.8579112176,16
136248,-87.6656144857,41.9980567785,32
136246,-106.3860225677,39.6446267624,1
136239,-87.624399662,41.8967270081,6
136238,-87.7046942711,41.9247597193,10
136234,-87.806725502,41.9793047488,4
136232,-87.6546013355,41.890038378,9
136231,-87.7041256428,41.9248475268,32
136224,-87.6446771622,41.941832001,7
136212,-87.7013200521,41.9740007063,5
136209,-87.6541614532,41.9855095189,28
136208,-87.6818740368,41.9688597504,11
136207,-87.6879894733,41.8895312115,53
136204,-87.7298212051,41.9533705619,69
136201,-87.7014166117,41.9739887418,30
136197,-87.6422309875,41.9461771607,8
136196,-87.6133060455,41.8850903376,108
136194,-87.6370382309,41.8901501937,12
136192,-87.6919698715,41.9064931464,15
136190,-87.6344847679,41.9049999742,1
136186,-87.6850068569,41.9208960726,34
136184,-87.7083796263,41.9461133221,42
136180,-87.6442265511,41.8842915866,14
136177,-87.6241368055,41.8616308537,8
136175,-87.7128428221,41.9537336017,16
136170,-87.6897382736,41.9423666831,13
136167,-87.6277899742,41.8818792977,10
136165,-87.6769280434,41.8867836569,25
136164,-87.724891305,41.9535261507,35
136163,-87.6871097088,41.9539290838,27
136162,-87.6454496384,41.8755525976,2
136160,-88.6360752583,40.8798932681,2
136158,-87.6387548447,41.8799302296,2
136156,-87.6611459255,41.9340905788,4
136155,-87.6329505444,41.8955011444,4
136153,-87.6663815975,41.9380013116,9
136152,-87.6942443848,41.8956009713,22
136146,-87.682056427,41.8995939198,16
136140,-87.644752264,41.9433322916,18
136139,-87.6243567467,41.8995619772,3
136138,-87.6617789268,41.8874306208,12
136134,-87.6171469688,41.884319543,29
136132,-87.6978546381,41.9558559467,25
136131,-87.665169239,41.9899434058,21
136129,-87.6682806015,41.9780884472,68
136126,-87.6698845625,41.941620521,11
136124,-87.6453745365,41.9476534102,12
136123,-87.7123439312,41.9391984268,27
136122,-87.6790523529,41.9671167565,1
136121,-87.6865571737,41.8755605863,24
136929,-87.6694124937,41.9652460762,12
136924,-87.6271677017,41.8640319218,8
136920,-87.6971304417,41.9141181602,19
136909,-87.6169109344,41.8758242113,38
136908,-87.6623421907,41.9136710641,14
136905,-87.7398633957,41.9680261506,11
136879,-87.7009820938,41.9659959504,39
136877,-87.784280777,41.887103146,11
136876,-87.6610708237,41.9307143861,1
136874,-87.687587142,41.9253184919,30
136873,-87.7021408081,41.7064013387,10
136871,-87.7076125145,41.9357267309,46
136868,-87.601890564,41.7944803286,5
136858,-87.7069634199,41.9276014259,48
136855,-87.6278,41.8819,1
136849,-87.7023339272,41.921454879,17
136847,-87.7132290602,41.9245761216,17
136844,-87.7103161812,41.9755002398,17
136843,-87.8052771091,41.8867197588,11
136840,-87.6548588276,41.9765411186,40
136837,-87.7120113373,41.9171679107,42
136818,-87.7942371368,41.8869434017,10
136816,-87.7184486389,41.9828697741,20
136808,-87.7917480469,41.8718936898,6
136799,-87.7139371634,41.9502108317,17
136792,-87.8068327904,41.8733476914,6
136788,-87.686932683,41.9163336348,3
136782,-87.6964974403,41.8992185933,28
136773,-87.643378973,41.968592521,16
136766,-87.6853716373,41.9638579879,4
136764,-87.6886814833,41.9688198655,17
136763,-87.689384222,41.9760266634,27
136762,-87.710493207,42.041173849,8
136760,-87.6441299915,41.9421911163,17
136743,-87.6808601618,41.9395974602,10
136742,-87.702537775,41.9072556888,19
136739,-87.6868253946,41.900312624,18
136736,-87.661934495,41.8854178227,13
136730,-87.6855325699,41.9228558648,13
136723,-87.6218515635,41.8693291339,5
136722,-87.7933359146,41.8504313374,7
136721,-87.7653980255,41.9975345237,10
136719,-87.6829040051,41.9219538091,3
136718,-87.6785373688,41.925302527,26
136697,-87.6423811913,41.9523572312,8
136692,-87.6787573099,41.9541764277,24
136688,-87.682646513,41.913978443,22
136677,-87.7077412605,41.9427377658,18
136675,-87.7202832699,41.9136191688,30
136674,-87.6867824793,41.8958964581,56
136652,-87.6684254408,41.9142778366,15
136651,-87.676885128,41.9143057799,13
136650,-87.7069044113,41.9899753031,22
136645,-87.6727437973,41.9669253035,8
136642,-87.7064323425,42.0191227952,14
136624,-87.71235466,41.9391984268,7
136623,-87.6293885708,41.8723810237,28
136621,-87.6545262337,41.9130602938,5
136618,-87.7096295357,41.9978574451,26
136617,-87.7141141891,41.9936912347,9
136615,-87.7088356018,41.9721262398,19
136604,-87.656006813,41.9217622204,9
136595,-87.7189207077,41.9902464299,7
136586,-87.6389694214,41.8914280734,10
136565,-87.724199295,41.9390148706,53
136564,-87.6967763901,41.8992665074,12
136555,-87.6693642139,41.917862467,6
136548,-87.7042865753,41.9027401874,14
136545,-87.6775610447,41.9131042056,10
136540,-87.7076983452,41.924536209,49
136539,-87.7269887924,41.9372590889,6
136536,-87.6327359676,41.8693650863,55
136534,-87.661049366,41.9326180061,1
136531,-87.6644080562,41.8812146204,21
136525,-87.6684361696,41.9761622566,43
136523,-87.6390981674,41.8681666611,26
136521,-87.6464796066,41.9327896085,20
136519,-87.6810264587,41.8676673107,19
136509,-87.5215530396,41.8414319463,25
136508,-87.6552343369,41.9899314442,26
136507,-87.6683396101,41.9798630433,47
136503,-87.7124834061,41.939270253000004,37
136499,-87.7238559723,41.9390787163,28
136489,-87.6652336121,41.8388901483,16
136485,-87.6895880699,41.9429412618,23
136481,-87.6604700089,41.881507861,6
136478,-87.7180838585,41.9244404186,37
136476,-87.6241260767,41.9042613601,34
136471,-87.6307618618,41.8671999151,49
136470,-87.6693052053,42.0159663265,44
136469,-87.6696538925,41.8386663374,5
136468,-87.6367485523,41.8812402655,26
136467,-87.6872062683,41.8992904645,22
136465,-87.5886082649,41.7952482068,18
136461,-87.6662904024,42.0097485817,19
136458,-87.6501810551,41.8802297829,26
136450,-87.5860118866,41.7753924013,31
136449,-87.6659578085,42.0080027209,33
136448,-87.6013541222,41.7993753942,23
136447,-87.6757907867,41.8262595924,16
"136119,-87.6590976942,41.9444081557,17
136116,-87.7015829086,41.9465083223,22
136111,-87.6830649376,41.9358783722,13
136109,-87.7001774311,41.9246719118,28
136106,-87.6951134205,41.925087001,27
136104,-87.6740673447,41.9287102088,30
136101,-87.72341609,41.9317440241,23
136099,-87.6491618156,41.9403955194,16
136098,-87.7169036865,41.8853659044,57
136096,-87.6566505432,41.9400124522,3
136095,-87.7126282454,41.9323945233,62
136094,-87.675163638,41.9322715348,6
136093,-87.755355835,41.9781482659,41
136091,-87.697634697,41.9287508443,58
136088,-87.6825928688,41.9595778585,22
136082,-87.7021408081,41.9173994303,44
136079,-87.6939225197,41.9433003709,13
136076,-87.6817345619,41.9741283276,48
136074,-87.6950383186,41.9685446589,15
136072,-87.6937508583,41.9661993722,44
136071,-87.6857042313,41.9431248067,17
136069,-87.662229538,41.890976825,21
136067,-87.6434701681,41.903814195,38
136060,-87.7590143681,41.9694620095,32
136058,-87.6689243317,41.9834519629,57
136056,-87.7461290359,41.9607665906,46
136050,-87.6868414879,41.88948329,44
136046,-87.6857471466,42.0045666633,25
136045,-87.684803009,42.0167474874,8
136044,-87.6755332947,42.0190430883,39
136041,-87.6171040535,41.8783485651,11
136040,-87.6163691282,41.8863164011,27
136038,-87.7079558372,41.9538253587,25
136035,-87.7044045925,41.9612133566,12
136034,-87.7012932301,41.9612293125,15
136032,-87.698353529,41.9575912703,30
136030,-87.689909935,41.9613090918,63
136025,-87.6326823235,41.8768307693,31
136024,-87.6898080111,41.9976461511,29
136022,-87.5967299938,41.8023666391,12
136021,-87.5852930546,41.795216212,11
136018,-87.5981247425,41.7896008879,10
136016,-87.6261377335,41.8794908823,15
136013,-87.6277470589,41.8807450112,13
136007,-87.6340341568,41.8891478389,34
136005,-87.6607382298,42.000604204,58
136003,-87.6586890221,41.9945683543,64
136001,-87.6588392258,41.983627416,53
136000,-87.6548910141,41.9715838307,6
135998,-87.6497626305,41.9719427784,16
135991,-87.7940922976,41.8716899672,4
135962,-87.7652800083,41.8727325409,14
135961,-87.773578763,41.876499246,8
135953,-87.6353859901,41.8844353625,15
135951,-87.6290988922,41.9203292783,29
135949,-87.6057851315,41.7741522095,48
135947,-87.5993585587,41.7868090409,13
135945,-87.5891232491,41.7878649973,29
135943,-87.601364851,41.7948162764,41
135941,-87.5994122028,41.7915047139,22
135939,-87.5931465626,41.7889049374,9
135937,-87.5963973999,41.7886409542,13
135935,-87.6008927822,41.7850570747,29
135933,-87.6049375534,41.7885849576,14
135931,-87.6059246063,41.7804089327,61
135928,-87.7132558823,41.9646996197,16
135926,-87.7133738995,41.9684090495,66
135925,-87.7084171772,41.966095667,41
135923,-87.7082240582,41.9611974007,30
135921,-87.6595795155,41.9629684786,14
135919,-87.6494836807,41.9771752089,50
135917,-87.6500308514,41.9654734326,19
135915,-87.6602768898,41.9900072004,44
135914,-87.7011859417,41.9413372166,16
135912,-87.6982140541,41.9539530204,56
135910,-87.6984930038,41.9612452684,56
135909,-87.6981925964,41.9503305213,16
135907,-87.6573479176,41.9165132645,20
135905,-87.6433038712,41.9050398991,9
135903,-87.6242923737,41.9130403339,28
135898,-87.6880645752,41.9394378471,38
135897,-87.7002847195,41.9395016924,43
135893,-87.6278,41.8819,3
135592,-87.6528954506,41.903722366,17
135892,-87.667747,41.895966,1
135891,-87.606615,41.803038,1
135890,-87.649077,41.929143,1
135889,-87.695445,41.854016,1
135888,-87.6687,41.950687,1
135887,-87.66120599999999,41.88283,1
135886,-87.587782,41.793242,1
135885,-87.676335,41.968641,1
135884,-87.658971,41.928887,1
135883,-87.673688,41.871262,1
135882,-87.607267,41.866095,1
135881,-87.643118,41.929546,1
135880,-87.645143,41.838198,1
135879,-87.619407,41.857611,1
135878,-87.630931,41.896544,1
135877,-87.606755,41.809855,1
135876,-87.618034,41.831379,1
135875,-87.639192,41.940775,1
135874,-87.648747,41.933341,1
135873,-87.667252,41.907066,1
135872,-87.673308,41.946176,1
135871,-87.648568,41.90854,1
135870,-87.63625,41.932684,1
135869,-87.601334,41.788746,1
135868,-87.653714,41.921687,1
135867,-87.667429,41.967096,1
135866,-87.638742,41.93132,1
135865,-87.668365,41.973385,1
135864,-87.654691,41.969517,1
135863,-87.594747,41.799568,1
135862,-87.664358,41.954177,1
135861,-87.626106,41.871962,1
135860,-87.665939,41.932595,1
135859,-87.661501,41.872187,1
135858,-87.671045,41.869154,1
135857,-87.679258,41.96325,1
135856,-87.673567,41.957921,1
135855,-87.682779,41.906717,1
135854,-87.638973,41.925858,1
135853,-87.68651,41.96583,1
135852,-87.649733,41.957913,1
135851,-87.677855,41.920082,1
135850,-87.682437,41.917805,1
135849,-87.631501,41.907993,1
135848,-87.679618,41.943403,1
135847,-87.663257,41.921003999999996,1
135846,-87.687275,41.902893,1
135845,-87.654455,41.958404,1
135844,-87.649634,41.949333,1
135843,-87.653833,41.928712,1
135842,-87.64598,41.945512,1
135841,-87.644094,41.937739,1
135840,-87.648917,41.943662,1
135839,-87.671387,41.961507,1
135838,-87.679259,41.955927,1
135837,-87.645451,41.940106,1
135836,-87.659637,41.972972,1
135835,-87.658774,41.965287000000004,1
135834,-87.659753,41.978353,1
135833,-87.63483,41.906724,1
135832,-87.664199,41.957081,1
135830,-87.707322,41.921525,1
135831,-87.634664,41.912202,1
135829,-87.64368,41.91797,1
135828,-87.635185,41.881131,1
135827,-87.67203,41.89113,1
135826,-87.634793,41.878724,1
135825,-87.62408,41.87785,1
135824,-87.685109,41.84847,1
135823,-87.631985,41.87817,1
135822,-87.64693,41.864580000000004,1
135821,-87.647172,41.830661,1
135820,-87.64129,41.830629,1
135819,-87.6972,41.91044,1
135818,-87.65114,41.8378,1
135817,-87.666611,41.891072,1
135816,-87.666507,41.865234,1
135815,-87.623633,41.857937,1
135814,-87.656625,41.861267,1
135813,-87.621857,41.838842,1
135812,-87.62680399999999,41.911722,1
135811,-87.591875,41.809443,1
135810,-87.606582,41.816499,1
135809,-87.6071,41.822985,1
135808,-87.613533,41.836208,1
135807,-87.622694,41.886861,1
135806,-87.645801,41.827071,1
135805,-87.669886,41.871514,1
135804,-87.69723,41.91855,1
135803,-87.707857,41.929567,1
135802,-87.599383,41.809835,1
135801,-87.675698,41.950515,1
135800,-87.685126,41.930584,1
135799,-87.649993,41.952833,1
135798,-87.623041,41.867888,1
135797,-87.658857,41.968873,1
135796,-87.648043,41.954383,1
135795,-87.650001,41.967968,1
135794,-87.669807,41.936082999999996,1
135793,-87.638181,41.963982,1
135792,-87.596471,41.795264,1
135791,-87.580715,41.795212,1
135790,-87.668869,41.956061,1
135789,-87.67393,41.95469,1
135788,-87.649603,41.961004,1
135787,-87.684146,41.962391,1
135786,-87.679028,41.967094,1
135785,-87.65103,41.871737,1
135784,-87.654601,41.95434,1
135783,-87.688487,41.966555,1
135782,-87.674577,41.961917,1
135781,-87.638517,41.907576,1
135780,-87.617,41.842052,1
135779,-87.666036,41.961588,1
135778,-87.651148,41.883004,1
135777,-87.645416,41.947836,1
135776,-87.65464,41.96167,1
135775,-87.67097,41.94334,1
135774,-87.66402,41.943739,1
135773,-87.6785,41.9406,1
135772,-87.66394,41.94815,1
135771,-87.65893,41.93979,1
135770,-87.64883,41.919936,1
135769,-87.64866,41.91397,1
135768,-87.656936,41.918216,1
135767,-87.693033,41.920195,1
135766,-87.642385,41.93262,1
135765,-87.677411,41.916027,1
135764,-87.633879,41.856802,1
135763,-87.697474,41.903029,1
135762,-87.656001,41.886773,1
135761,-87.67493,41.88137,1
135760,-87.67686,41.89122,1
135759,-87.6824,41.910652,1
135758,-87.633985,41.892238,1
135757,-87.665897,41.85381,1
135756,-87.622663,41.894448,1
135755,-87.66777,41.903456,1
135754,-87.640591,41.849527,1
135753,-87.645368,41.84358,1
135752,-87.646795,41.847203,1
135751,-87.668745,41.857901,1
135750,-87.61936,41.7951,1
135749,-87.685243,41.85394,1
135748,-87.646277,41.857499,1
135747,-87.6216,41.82168,1
135746,-87.616279,41.809851,1
135745,-87.626937,41.891738,1
135744,-87.6478,41.88175,1
135743,-87.621994,41.889875,1
135742,-87.625125,41.882134,1
135741,-87.62077,41.8853,1
135740,-87.626938,41.841707,1
135739,-87.62775,41.887155,1
135738,-87.640015,41.87923,1
135737,-87.63947,41.8807,1
135736,-87.66317,41.92888,1
135735,-87.6658,41.92533,1
135734,-87.658751,41.891795,1
135733,-87.691392,41.917741,1
135732,-87.62688,41.83104,1
135731,-87.677234,41.899714,1
135730,-87.61615,41.82256,1
135729,-87.63206,41.890749,1
135728,-87.627542,41.856594,1
135727,-87.630834,41.926277,1
135726,-87.631253,41.903233,1
135725,-87.633523,41.872373,1
135724,-87.639833,41.882091,1
135723,-87.621743,41.89691,1
135722,-87.65352,41.8553,1
135721,-87.640826,41.85795,1
135720,-87.639566,41.874337,1
135719,-87.67564,41.8492,1
135718,-87.623727,41.864059,1
135717,-87.668507,41.92883,1
135716,-87.65775,41.94893,1
135715,-87.6355,41.885837,1
135714,-87.67079,41.93186,1
135713,-87.67842,41.93588,1
135712,-87.689556,41.910535,1
135711,-87.685854,41.907781,1
135710,-87.681391,41.912616,1
135709,-87.636794,41.936669,1
135708,-87.6475386582,41.9364968219,1
135707,-87.66378,41.93949,1
135706,-87.6637,41.93584,1
135705,-87.658617,41.932225,1
135704,-87.608218,41.838556,1
135703,-87.61793,41.8349,1
135702,-87.625813,41.834734,1
135701,-87.62248,41.8457,1
135700,-87.662007,41.877945,1
135699,-87.64401,41.92175,1
135698,-87.63854,41.92197,1
135697,-87.6346,41.915689,1
135696,-87.629928,41.899007,1
135695,-87.6405,41.904509,1
135694,-87.656959,41.865054,1
135693,-87.651062,41.862378,1
135692,-87.64665,41.85378,1
135691,-87.649633,41.877749,1
135690,-87.631715,41.849237,1
135689,-87.668385,41.939365,1
135688,-87.67695,41.90331,1
135687,-87.661535,41.857556,1
135686,-87.67722,41.895769,1
135685,-87.64926,41.925905,1
135684,-87.631841,41.911791,1
135683,-87.67328,41.87501,1
135682,-87.675726,41.855048,1
135681,-87.697153,41.922695,1
135680,-87.590368,41.802562,1
135679,-87.631937,41.854564,1
135678,-87.66732,41.88541,1
135677,-87.638618,41.910579,1
135676,-87.65304,41.94018,1
135675,-87.687051,41.915532999999996,1
135674,-87.653566,41.936253,1
135673,-87.65445,41.94688,1
135672,-87.65222,41.91844,1
135671,-87.648684,41.884078,1
135670,-87.638437,41.894666,1
135669,-87.6498,41.8745,1
135668,-87.628623,41.893975,1
135667,-87.628722,41.897448,1
135666,-87.63639,41.888243,1
135665,-87.64664,41.87184,1
135664,-87.614492,41.89257,1
135663,-87.63253,41.882664,1
135662,-87.617759,41.865212,1
135661,-87.638116,41.918273,1
135660,-87.652855,41.913688,1
135659,-87.653456,41.894854,1
135658,-87.64117,41.88338,1
135657,-87.62408432,41.8810317,1
135656,-87.65840426,41.92556258,1
135655,-87.655688,41.88397,1
135654,-87.66098386,41.89637337,1
135653,-87.630183,41.884337,1
135652,-87.62377664,41.90096039,1
135651,-87.648727,41.891733,1
135650,-87.654752,41.881487,1
135649,-87.64127743,41.8815824,1
135648,-87.61697,41.88105,1
135647,-87.64185116,41.89384315,1
135646,-87.63997112,41.87811421,1
135645,-87.642746,41.880422,1
135644,-87.6277291853,41.8601213774,1
135643,-87.6523048564,41.8854833079,1
135642,-87.6776919292,41.9093960065,1
135641,-87.640795,41.875885,1
135640,-87.6537080423,41.9256018819,1
135639,-87.6413823149,41.8858327415,1
135638,-87.6188346489,41.8513751729,1
135637,-87.672552,41.907655,1
135636,-87.6494219288,41.9105780349,1
135635,-87.6259550069,41.8671729952,1
135634,-87.668919,41.9178588677,1
135633,-87.6410879593,41.8671177825,1
135632,-87.6444478533,41.888716036,1
135631,-87.646611,41.865861,1
135630,-87.6540612729,41.896362458,1
135629,-87.634195,41.893832,1
135628,-87.6242893413,41.8860581151,1
135627,-87.63188991,41.884576228,1
135626,-87.6305845355,41.8759326655,1
135625,-87.6295209193,41.881319815,1
135624,-87.642884,41.897764,1
135623,-87.6277,41.88918,1
135622,-87.63443007,41.89993001,1
135621,-87.6244333636,41.876065599,1
135620,-87.6277335692,41.8847302006,1
135619,-87.6246491409,41.8838927658,1
135618,-87.6253370902,41.8532387578,1
135617,-87.6353211408,41.8777079559,1
135616,-87.6297910363,41.8793563587,1
135615,-87.6122,41.891071,1
135614,-87.6344287848,41.9267559875,1
135613,-87.627844,41.877181,1
135612,-87.65703,41.87464,1
135611,-87.63563839,41.89680204,1
135610,-87.6677,41.899643,1
135609,-87.6626,41.90068,1
135608,-87.64332,41.91468,1
135607,-87.6435,41.91021,1
135606,-87.6173,41.89102,1
135605,-87.62351,41.89766,1
135604,-87.6554864,41.8694821,1
135603,-87.62062,41.89186,1
135602,-87.637715,41.902924,1
135601,-87.65478743,41.87772613,1
135600,-87.672516,41.910329,1
135599,-87.660996,41.869417,1
135598,-87.65349723,41.90959193,1
135597,-87.67273,41.90332,1
135596,-87.6564866473,41.8581806068,1
135595,-87.65268082,41.93250008,1
135594,-87.6277394859,41.8739580629,1
135593,-87.651073,41.858086,1
